,buy_mean,buy_std,buy_pc01,buy_pc02,buy_pc03,buy_pc04,buy_pc05,buy_pc06,buy_pc07,buy_pc08,buy_pc09,buy_pc10,buy_pc11,buy_pc12,buy_pc13,buy_pc14,buy_pc15,buy_pc16,buy_pc17,buy_pc18,buy_pc19,buy_pc20,sell_mean,sell_std,sell_pc01,sell_pc02,sell_pc03,sell_pc04,sell_pc05,sell_pc06,sell_pc07,sell_pc08,sell_pc09,sell_pc10,sell_pc11,sell_pc12,sell_pc13,sell_pc14,sell_pc15,sell_pc16,sell_pc17,sell_pc18,sell_pc19,sell_pc20
wkSMA[0][0],-0.0012980501309558076,0.0011478928162453003,-0.09402038398601176,-0.007554722144452168,-0.13682416555887253,0.12743298050471066,-0.09230654956033847,0.11934748046715292,-0.02208512647276773,-0.24332400697462667,0.01919125501922568,0.056504504435462545,0.10240757714884843,0.05780342181421206,0.08598196694415777,0.18235564261108309,-0.19336475339334194,-0.19572841279291628,0.10711179002901505,0.01885309506795471,0.0011196240762652893,0.1932419488661676,-0.0014183569988279034,0.0011869521382679563,-0.09555654921257202,-0.023079274643292375,-0.11284702403659697,-0.12767808085588456,-0.0424515327422579,0.11473787407422714,-0.14968783532110402,0.11393633834576293,0.19013984736150222,-0.1057040342874698,-0.20629703305705036,0.019208594131387074,0.1452822985739945,-0.014923146579809136,-0.16615141890873117,0.08856143445610468,0.20936530069854967,-0.16667245288997767,-0.13795921848679873,-0.11561589506879014
wkRSI[0][0],76.13801657943644,6.42665104919825,0.03164475390539012,-0.017195734769456846,0.15000951368458823,-0.1326529841643302,-0.13132916540796633,-0.11797269368742956,0.24646273260581522,0.07223184984267471,0.2768545970665608,-0.01067740894959766,0.13106183108266814,-0.008682322060412282,-0.27256335610149507,0.03716544009084076,-0.07868841048069174,-0.1865021248223334,-0.0462679831777977,0.29072636276142216,-0.11871107581099707,-0.1856083310277824,22.741266220971916,6.366389381277805,-0.02071145517807864,0.024165361167871328,-0.16929010658229762,-0.07611806908122318,0.18295165100015906,-0.040526575534868055,-0.26565115662465644,0.22930824751189183,-0.015553880824689007,0.17923293757564268,-0.09903862670063429,0.06216330642250727,0.0924932809405526,0.2581718469484595,0.19840463269608266,-0.01761690743497194,0.16342497842116518,0.20761963368672787,0.15106111828569393,-0.03993046040607364
wkBB[0][0],0.0005820876125504463,0.0004938028487193694,0.10497857440102143,0.011446022972024157,0.12989992735628703,-0.12897261781913769,0.11869936860237681,-0.11100395252293371,0.0018677162213727777,0.21953064078776693,-0.01685713675362338,-0.0491667730611833,-0.08149089689335061,-0.048460417822669834,-0.05150122911152475,-0.11462603441287834,0.08233791846494358,0.09321250314231437,0.007556888576257712,0.00706308210284715,0.015115476939981122,-0.056138342981753686,0.0006796317287234751,0.0005140385499906064,0.10467292796912021,0.023692267930337768,0.11043129195499858,0.13573704186854318,0.047984973936439995,-0.11384093420146421,0.13569122937700615,-0.07704060290124201,-0.17573804597349238,0.08681392090779456,0.15659117441194084,-0.008690606352352583,-0.11174378653333641,0.03565814391538131,0.1142985796299691,-0.06617724739891702,-0.06490548737183721,0.08015245562549307,0.06698814860156578,0.05433813721170817
wkATR[0][0],0.0524274486803518,0.03217972290461873,0.11701776924991386,0.021213126038668224,0.05238863584618871,-0.08017077950379711,0.17443319251165193,-0.09354763194257991,-0.0994754384205183,0.0968281715380696,-0.08939990377296857,-0.12296968882173444,0.029503457409230886,0.03968355732982942,0.09574800941931197,-0.13277735849668607,0.036208788942011884,-0.019586711038937363,0.3021013553516082,0.006358507917678508,-0.0985981431256873,-0.00723558143367071,0.05990849858356928,0.03666973706149721,0.11462712336684042,0.04841112319505151,0.056486612975119685,0.11188832370171974,0.0890093125568624,-0.15833349850640305,1.822414209391033e-05,0.049801713590255724,-0.14866605537114622,0.04041977733751467,-0.0424077634141494,0.014520555311725022,-0.11143196830664345,0.18874104758056034,0.042499450409270334,-0.11686686954440549,0.19420075972819414,-0.02856580850353222,-0.05109863750880617,0.11180863789781968
wkSMA[0][1],-0.0017240953091188305,0.0013370979551288597,-0.11546588148068647,-0.006594211434450988,-0.14323866899569027,0.12868309504918435,-0.08974409150796485,0.09528016081872019,-0.03371918627270391,-0.16695998398114095,-0.0030651136664801605,0.016637658018864007,0.04844849333967233,0.04010297759881346,0.053653086837620996,0.05661898552745389,-0.019031759876162842,-0.030798266463560625,0.04847555663780769,0.03002330348408363,-0.051748227017550975,-0.053416987238473476,-0.001909182011334225,0.0013770382973498916,-0.11285914247325583,-0.022174506080447343,-0.13767892061008508,-0.13745187994160574,-0.02258442434889535,0.10159511479244156,-0.12846633903574714,0.04806891298175155,0.10528604490398132,-0.06634051149706384,-0.09629329748464303,0.01625427270703123,0.020328839935067518,0.0019186949253294533,-0.05090176889467856,-0.03716492523221751,0.02055550658346044,-0.029958148299649726,-0.04935600060375918,0.06910232757040562
wkRSI[0][1],73.1762348597732,6.016258847081443,0.041702388348873805,-0.04484847904207457,0.18800156613933036,-0.1076991650189808,-0.1988149076590866,-0.04509629163120315,0.15061701130324553,-0.1630963224051442,0.13068135252802046,-0.025811345935572334,0.13454603036659435,0.04508762528869115,0.06673294035605677,0.0675923682591583,-0.03518173836281175,-0.03769130952865824,0.13119336895484576,-0.08351342654856868,-0.03850965104366302,0.07103052024999859,25.578962240735706,5.990828300654776,-0.029920634557127176,0.04507823319054244,-0.2137479847821529,-0.053600357525720746,0.23187047933564775,-0.09143943742350354,-0.059260227350301155,0.023173567349510427,-0.13582420904012793,0.14388691439611365,0.1409073412781738,-0.02446612267539493,-0.030224249543181512,-0.023997882549454497,0.02626027121157711,0.05483865742799544,-0.1840402353421312,-0.024565744347133746,0.06525926626992347,-0.176387118862137
wkBB[0][1],0.000790326551033682,0.0006038732867891565,0.12415063999686568,0.009885068335637378,0.12257913676106776,-0.1005577902563017,0.10636255219269372,-0.0473344917995329,0.003468776332049589,0.07864903078935785,-0.01711902562381773,0.030092143909900934,-0.009004248230819611,-0.01990723161904418,-0.001356413423754129,0.0636007694529328,-0.14479121150763635,-0.10715473044077063,0.020105825807757473,-0.019185177478427958,0.07936902110569954,0.2670264469744506,0.0009119219182275077,0.0006285985954682066,0.11722317991273588,0.023401025449731522,0.12588748232815353,0.12545616126298387,0.0409621232346597,-0.09770216569812333,0.07820513414886215,0.03749328443735056,-0.03140507911435148,0.04980017774382394,-0.007563208367183377,0.0034555924892105717,0.10956086825554791,0.008323814399509986,-0.039050374888958496,0.1366111321732496,0.14565945204929798,-0.09196912420883468,-0.05410520835395231,-0.20825689868849626
wkATR[0][1],0.08104369501466269,0.045326225890783035,0.13068501402361019,0.02829252584261922,0.019048201101957367,-0.04453083725507905,0.19172580846572945,-0.02442590023937218,-0.11062466967102816,0.02391201097989038,-0.0911916618920493,-0.08638406499306985,0.0704593693381302,0.058176026543443254,0.09499736552983623,0.007733202254364504,-0.02195604761746362,-0.11216211946685929,0.2006660943912614,0.053023030414260805,-0.0778195323829641,-0.010700380610390543,0.0906634560906512,0.05034904002740768,0.1247632710633374,0.058744965437540334,0.03225590730406695,0.08785059989560144,0.13090269849598185,-0.13950231674475358,-0.05428828794837559,0.08658371248730933,-0.07048512430214417,0.02859264959988937,-0.09417444501916246,0.027477351634702194,-0.04879913262122283,0.10269067010251955,-0.03743474673210818,-0.025351228954009514,0.09901223107481744,-0.12740706491535572,-0.058570740711329033,0.09694967788805779
wkSMA[0][2],-0.002294443300706467,0.00167896506172624,-0.13396670435390046,0.001567556225521587,-0.12636399355622324,0.06631846738094264,-0.034413521409296835,-0.03403996530020493,0.015276128427448356,0.06997475808459395,0.02855107393262336,-0.08381722815425775,0.02916125599686924,0.012992765960605359,-0.019509900846609633,-0.052963605521892304,-0.05604441136025521,-0.10712658446873703,0.13595413270672388,0.07506551846195583,-0.051792823799371,0.042769296656762906,-0.002526968876773736,0.0016147790425368215,-0.1296887638619844,-0.011344180740704105,-0.1302983823760499,-0.06663788444401199,-0.02231717623902836,-0.007826092055175671,0.0488916473059378,-0.05689664764646252,-0.08112350214543752,-0.01725807543859989,0.005769636884437568,-0.0072681865280399246,-0.06657385696915662,0.03537109828666238,-0.043546264659332944,0.013198966638713018,0.10159332208673405,-0.13659267914649148,-0.08398984710089519,-0.0004236325807368251
wkRSI[0][2],67.34398899021326,5.123271987290972,0.046205750587018216,-0.10972086237766937,0.14730372779941275,0.09722207513834723,-0.20082508129810753,0.04456391000156233,-0.08723229871211395,-0.07952778945742758,-0.13533242806522125,-0.1665880453038719,0.007252661446157857,0.03280218262698666,0.17920846747928867,-0.11545310869516404,0.11055024488961752,0.017865123126247082,0.0643111755865735,-0.04220694586223184,0.0057965950520086655,-0.05722583717329211,31.313980934419014,5.13458840718834,-0.049823570558944374,0.10678880407628553,-0.15762775678635546,0.13330007339593938,0.10532572638715647,-0.11023361553055525,0.17925455211620855,-0.06873123962692966,0.06812777745023767,-0.05110600797182105,0.10942070677824638,-0.013711796982224071,0.15271809905139425,-0.1982158981343759,-0.1034497960183306,0.07209387290580102,-0.012037688784593149,-0.05342638475254194,0.02652470910925859,-0.022971887381310434
wkBB[0][2],0.001120798380343467,0.0008053831760775502,0.13470632933335996,0.0035987924113736764,0.0831475774796773,-0.016196357956008278,0.035908656024555174,0.1091589206437665,-0.045281114238882744,-0.1523833615540998,-0.02942226418882645,0.14901338392715513,-0.02895419595954199,-0.008742846877855271,0.007272058514581852,0.0683323556084416,0.05221844921920736,0.10772335389237393,-0.1235908981651501,0.031138407310444757,0.026127274469488027,-0.14307156631207593,0.0012374935377896695,0.0007902857655935987,0.1286110611320434,0.012540653800364785,0.08857380842732135,0.022487034618996135,0.07970943182931053,0.0411709758461653,-0.12267091451641829,0.07199323389345441,0.16035518989429526,-0.0017080872153889017,0.006563960082648134,-0.00234260010626632,0.10980568709158962,-0.11324769824667034,0.029272051972173564,-0.06749240090930837,-0.19378231559864714,0.11569119575491328,0.09810864082199743,0.03365749125758517
wkATR[0][2],0.14872211143695016,0.07657234402090371,0.1430410006451973,0.029893076543218888,-0.02495122615214526,0.0010891255658278885,0.11286286589469428,0.046825719488468844,-0.03618300082976731,-0.035798877705572926,0.02079054346939345,-0.012281686647621326,0.09223687796893991,0.048508617210739687,-0.07052758436808498,0.025368770624014846,0.022131109675233164,-0.030113072996221506,-0.033350505071778835,0.12344802201535074,-0.04523103526023239,-0.174621910522573,0.15881954674220952,0.08087856513200241,0.1368829939086173,0.051570139190641864,-0.02013732612752017,0.010118397559282167,0.128475786220959,-0.034655647428894105,-0.049854464736600955,-0.02545979598428795,0.02970059793015294,-0.0742068748008083,-0.01057669151903495,-0.03310493927589036,-0.0802967742087553,-0.07531250345270157,-0.08968009828211293,-0.06366545369249126,-0.08784132741084309,-0.08570174489421817,-0.04265755353464618,0.11506566950389174
wkSMA[0][3],-0.0029852917694297328,0.0021860325274823335,-0.1294190106668945,0.055877760242551644,-0.03444267443354658,-0.130914708752626,0.05680800476415291,-0.07711048236359483,0.03371681079536781,-0.1061881306986738,0.01189820267998188,0.07753904943414736,0.06487810701714095,0.027704784095783662,0.06727124237205036,0.04597944071265729,0.06413844462172205,0.07630640564453015,0.09276474600533091,0.16366316913556658,0.04860190565040192,-0.0059059383125237026,-0.0033024393032832413,0.002378088650022139,-0.12744960947292464,0.04517672598692494,-0.028324476371841097,0.14491196319691263,-0.046866689846470994,-0.08778628202899177,0.011065893213712258,0.05978116327471896,0.09474287823141653,-0.05155370345152504,-0.031199020745904714,0.05788239602092191,0.0244354862658103,-0.022087790787529447,0.04744098285428939,-0.14375775216562092,0.013223744216171326,-0.13849247536450518,0.1289817949865213,0.023871233336755796
wkRSI[0][3],61.04808861108519,8.383154632615,0.017316065298281468,-0.20588388906424235,0.005512828475878726,0.14311176974345424,0.02682286359823626,-0.12284618465453062,-0.033615772649492594,0.039192751687121205,-0.0783006602621972,0.001798359620739026,0.08878968519061198,-0.015009109585255564,-0.03959431146872683,0.05952685694363414,0.051334107571050676,0.003958380331355256,-0.08612061646559205,0.16632605473188783,0.02861720104249737,0.048081928455701334,38.70814658656456,8.907003270425053,-0.05554122544044475,0.1973376164487175,0.006457068534616306,0.14481226651216353,0.009578671496760859,0.11232095040402588,-0.01959027412353555,-0.081290667332445,0.1292922728670738,0.023985209485968204,0.024274450574536123,-0.02133641580449003,0.0032969978201022173,0.08589659745613033,0.06409144396457817,0.047202245344922074,0.054251294245201545,0.08626016581667163,-0.06721213650354436,0.044957528452614796
wkBB[0][3],0.0019587127990680717,0.0013185263651409958,0.12393229185078698,-0.01998704252485257,-0.038024817628334026,0.11129346452678163,-0.04099010407426997,0.14715692510555006,0.0425280418703745,0.18857473483559242,0.1240470577666893,-0.009029001919766019,-0.061115205040490894,-0.048085452746984454,0.03289637545695065,0.025196725889440955,-0.07177941484190321,-0.13987516844092135,0.11610653983260727,-0.06374866045333848,0.2436312572470609,-0.0961861646471305,0.0021152849311959526,0.001432683826776125,0.11832193222665535,-0.0024949232264967537,-0.03763871848083728,-0.11534313391484752,0.07862621944469468,0.12469779040894043,0.11476852911240353,-0.19057589864299218,-0.01658244702254025,0.08036566032915152,-0.004183787436166722,0.05285271811982429,0.12052032261327501,0.11647337687848634,-0.07768262685461318,0.16978033117100946,0.07793030805092176,-0.007892701121035675,0.1805837521011538,0.2328877629199081
wkATR[0][3],0.30684750733137905,0.15718124926769275,0.13853093409883738,0.03886047806451191,-0.07935094573605105,0.018805186947495556,0.01329650753610214,0.06005198929268753,0.056325826216919166,0.0004631785055737588,0.10205939792272736,-0.0717775082313967,0.1200296763685838,0.019252221068506176,-0.015367243425336878,0.003921792646116727,0.0708654825349568,-0.022188021412761348,-0.018525147419381802,-0.025678207926678378,0.041271356550553556,-0.00044417015153407004,0.31400096317280524,0.15193554494511552,0.13495202695527797,0.04971229675398682,-0.06410136803093018,-0.013891518115203729,0.040783800324981585,0.02342635676756046,0.055849374581690085,-0.08411110151872832,0.05655621630663097,-0.12304857037637851,-0.07658991462580773,-0.011922028488215088,-0.039255910047979764,0.026910068746552173,-0.046260195491758395,-0.06138536728699507,0.00493459483350019,0.08184805576794564,0.03359801528150134,0.08030284877650422
wkSMA[0][4],-0.003015349500555446,0.006690035360150871,-0.01610833228380786,0.20236485620080627,0.04569385180332801,-0.03049510454640624,-0.1039450318430246,0.12459961591954667,-0.03389776676828058,0.08686662620863586,-0.12601108083295307,-0.13706268765288027,0.08501971096277028,-0.11870453971891104,0.04999011239534466,-0.005153637997171779,-0.011937240919789982,-0.1231146252374378,-0.19232774364960287,0.12272677015876574,-0.004497401137613492,0.05602591384615598,-0.0031580638308053278,0.007174082424916541,-0.08195439057521445,0.16600754982282645,0.08488235739265311,0.03000797217812732,0.006755284210009147,0.1328244006135625,-0.0931200740353686,-0.03444966208620394,-0.09505873068347989,0.08559373247535514,-0.040862176657419716,0.13221874475423814,-0.08135475478887237,0.06325825476345656,-0.12711843467504538,0.09068178183617384,-0.1944466000518982,-0.09627767003502996,0.007240327542854596,-0.04658235660453491
wkRSI[0][4],54.87522697275695,13.142348765925822,-0.014964449364555429,-0.20842472781653051,-0.0652405411764717,-0.09738682548287214,0.07861897737131238,0.02764997474521363,0.015612171681571384,-0.06506431167126993,0.0364229770832196,-0.02349191327295677,0.06435985233927977,-0.17178515124021687,0.060417598755068504,-0.09175784698512425,0.06715290381853063,-0.09002905776150923,-0.10095902293400098,0.04167743172690758,0.048336501619246346,0.09910800289290664,45.89554592933298,13.258624639016919,-0.05148903355982945,0.19786307224380775,0.09891634722625486,-0.09516702817882683,0.0475936724552065,0.048436618133702314,0.012504472484998265,-0.022509655936188214,-0.10532953589133894,-0.0005799895206930588,-0.07560026863756215,-0.12668969700425686,0.0583279945484604,-0.09772131297127365,0.017628439317558166,-0.04449505306164766,0.10647065818932618,0.09684375261132135,-0.04540181559601604,0.0028406140041747235
wkBB[0][4],0.005656021920667656,0.0037036877438993083,0.10353297444989297,-0.004577806634828506,-0.10943460355207792,-0.014001843504568049,-0.06376951270151716,-0.07126182585300586,0.2557227120911584,-0.012629884389005386,-0.28748549046838195,0.15200054760455747,0.03465642586025293,0.034404226962226316,0.03525866737037591,-0.1676185422755809,-0.15316789934706884,-0.0018867358682185867,0.014503727287990856,0.03939754575665296,-0.025424710017814982,-0.03189574266384741,0.005659578940806662,0.00348434056513617,0.09565574116641146,0.068353413083743,-0.08224177122237175,-0.02022958324476795,-0.10537481789021617,0.1229867304680496,0.17125438936607537,0.30935576117841695,0.035757761813973804,0.15466696238776145,-0.015837602947921633,-0.05296477416968669,-0.15315236785869835,-0.11399818060034242,0.09773464257057723,0.08033930324163852,0.0017736882977885983,-0.08125317018949375,-0.018515019632016936,0.06683830981370013
wkATR[0][4],0.7619709677419365,0.37929313713608853,0.12840248778235236,0.029051632350520076,-0.11827941944605781,-0.008512043268114153,-0.061029639172996995,-0.09501977207114946,-0.0031322222003809636,-0.08402638772819924,0.005996918840791549,-0.11103300961997838,0.047713972422918055,0.02833054923425536,-0.014039405707968192,-0.03814569653184713,-0.012686875924124616,0.053573724544604885,-0.03120014394219355,-0.08850066057476465,0.14661885209312092,0.0462482095221128,0.7703255524079323,0.3705064845174156,0.12084392115460103,0.08946356058624998,-0.08148673363470478,0.0020397538769331364,-0.12340098460702963,0.010238347039923686,-0.05118242563352049,0.011297510593821168,-0.04146245780794573,-0.10378903878632713,-0.054079028487255876,-0.014088303595684267,-0.08651304647426825,0.02883191011166937,0.030573168130295817,0.12613152576297826,0.012438561533226785,0.036829646781637936,0.15117016623127574,-0.13925011707191365
wkSMA[1][0],-0.001662211661739452,0.0013332728472756565,-0.10818848840897274,-0.007341962061782675,-0.14248393567930517,0.13280747439774274,-0.09504151191337273,0.11204722850049811,-0.03565616692250783,-0.2050002643793293,-4.943853579456891e-05,0.03994113962396769,0.0729537287967665,0.04451189467859694,0.07106150406210789,0.11547683153420726,-0.07874707127380348,-0.08393710731187144,0.05187330345498596,0.01068257209003721,-0.024922369307308075,0.035268143373312855,-0.0018465868007696013,0.0013824629246509497,-0.10865608985527973,-0.023219671467594627,-0.13016231959953373,-0.13712798994303807,-0.0329690766889623,0.10560317099663591,-0.14797238722269193,0.07620355421712176,0.14210559937872447,-0.08175783892635437,-0.14233692733851674,0.020948983987718297,0.07446917622955268,-0.005458378919265375,-0.08782540009473704,0.013486949259022267,0.0779176524831558,-0.06711941462619128,-0.07969004780242636,0.019840523904993104
wkRSI[1][0],68.2033112741591,5.250868725327056,0.04256640381994701,-0.030958415569406473,0.19689646434897118,-0.14148271696654507,-0.16052848699732472,-0.09836324461061656,0.2143933742144058,-0.019254718390081454,0.21180447918004316,-0.010307681630090663,0.12073190224869071,0.008343356621454797,-0.14132529966561727,0.0629273663443741,-0.07184962159173804,-0.119171839758519,0.012338245995101228,0.12451834387993534,-0.07604301117961759,-0.05360565702992552,30.62421756819367,5.348673465747973,-0.028477126014334914,0.036152959031357346,-0.21638874709454983,-0.08151117153300723,0.21477123849474944,-0.04772562273843246,-0.20153139268089915,0.14964246427117303,-0.05889676174902987,0.16755247608791154,-0.012275249041215186,0.024590723843186474,0.03214869271606821,0.14658357490415255,0.14405634114688876,-0.0030374427325087386,0.02801419263176636,0.13137338659022532,0.10440582293792193,-0.019470848093506413
wkBB[1][0],0.0006448191903296892,0.0004959399097447694,0.11910806239605949,0.011283858746121405,0.1178272234546176,-0.10749722549954308,0.12305679714598766,-0.0693951400956934,0.0032702112858914276,0.10403857827927887,-0.020331264902403525,0.00606390956964181,-0.02716916606103197,-0.009875673109874819,-0.010094025617979728,0.01900833532758264,-0.14519350095135272,-0.10610571091700655,0.08701277534646538,-0.005360419085283658,0.05934874763022025,0.2554620686014112,0.0007491730859746429,0.0005298801625800306,0.11411273093174655,0.02508011024172121,0.11846010752235354,0.12765361114819848,0.045676973006862166,-0.09522072808600779,0.0935085715789138,0.03038375819910887,-0.05947199854697662,0.05347896025953617,0.008822037792204336,-0.00021397144280799673,0.06406536302373571,0.03683657017854711,-0.03355369199455658,0.08821016457776636,0.18285381755646068,-0.11164398326337674,-0.06416400198337366,-0.21514183880860274
wkATR[1][0],0.047285278592375315,0.02676022046089937,0.12703858706061352,0.026112425836091174,0.01954723734816055,-0.047865367116009916,0.1920098838392316,-0.047441744784904254,-0.11580631486737693,0.028485675259657072,-0.09213973719173243,-0.11067391491828431,0.06557658745780028,0.07184757112909369,0.11818269186045871,-0.042879548302677616,-0.027853154905799805,-0.10555090571535912,0.27067106100751825,0.02438536804543153,-0.09842831625056789,0.04261497424613081,0.05313260623229448,0.030279437726201543,0.12118611027226468,0.057101228804913855,0.03279356520192686,0.09595328379256696,0.11515777311791996,-0.14357902509979859,-0.048488730430011534,0.09794701891147746,-0.0869888355368763,0.024185141908262625,-0.1253148983965439,0.031485155934216864,-0.05242828319309476,0.16232910730992314,-0.013937127215305406,-0.05011387375022321,0.20328247311437903,-0.1223893442113944,-0.09475498383770611,0.09268526225239551
wkSMA[1][1],-0.0021362427232202155,0.0015872077545401226,-0.12776874472673735,-0.0024103371216800547,-0.14076002333875468,0.1071043844314643,-0.06393765240959529,0.03243093056396218,-0.016297475825301645,-0.03207098734445343,0.014338466840472627,-0.041554052696466594,0.0230717851498485,0.02075992631989966,-0.0019053726621194628,-0.060263288613029604,0.016555380401162965,-0.03463925122708024,0.09103977482257068,0.08237854235545132,-0.0691376153633132,-0.05812054291369053,-0.002359518189790503,0.001573810169880935,-0.1220198908434051,-0.017963803095387344,-0.14581963454128552,-0.11410407928171983,-0.014074685933091797,0.057175533611280305,-0.04509547410625512,-0.021720531308875805,-0.008757674306508072,-0.03807664632110786,-0.0064699270711230045,-0.009001167413400608,-0.06989500623129205,0.018610395337115154,0.0029313870111457004,-0.08710008324972705,0.012348466836880127,-0.04092241424752013,-0.03020216187123718,0.06781666325810792
wkRSI[1][1],64.90130477574816,4.414891722960186,0.052157005856980763,-0.06582756436191042,0.2104475074530409,-0.054603065835680274,-0.2055079541458981,0.013295924288723077,0.04194772255157809,-0.179958183428418,0.017204730627657445,-0.052135095132077085,0.05544747133983964,0.03950111294860291,0.15972026770642828,-0.03338069808794069,0.0452955630074104,0.041676032097914824,0.16598027758174183,-0.09259077938636069,-0.022299569459287034,0.02045689452927189,33.926829597017566,4.525022932432716,-0.04027464555826972,0.06473391947390052,-0.2327318932007562,-0.00676042203602881,0.19411708337815756,-0.10645650720325363,0.061255968383319516,-0.033358124673676076,-0.10971533384729905,0.06979635710632344,0.12576023591617647,-0.037394929203263406,0.010763812073805848,-0.12395434548268568,-0.07765690078869113,0.10443299875159313,-0.1547139053833517,-0.0619392648431957,-0.020634958455261577,-0.15055781786605274
wkBB[1][1],0.0008598444951721482,0.0006416817540172826,0.13042968737928579,0.0047543259804307516,0.09053664688530887,-0.048861268544801606,0.07763610498985317,0.06929325077871502,-0.036102836954915896,-0.1273005181449679,-0.04774857601478627,0.13381409544151457,0.016171197281008468,0.013225549733745378,0.06326779076531792,0.22609101172922944,-0.11247381683697216,-0.05093219114300724,-0.07866090601423571,-0.02285195580317833,0.04975132226887757,0.06895719276094305,0.0009516454338030795,0.000618854541757947,0.12172629672043149,0.019609060500084794,0.10636727607508203,0.0748515531213304,0.05913968459893225,-0.030520000719592936,-0.06954895966029263,0.10803672545735277,0.13871800050107816,0.024690465874603138,-0.0855081043946191,0.0340831940084747,0.20794632480067132,-0.06602009696852024,-0.09006676490300303,0.17564981240250932,-0.01521635544162063,-0.0448502866230234,0.0066986953789508075,-0.07551021329621
wkATR[1][1],0.0757747214076244,0.03971256093341416,0.13678648394196785,0.034323633483777,-0.01611565872158262,-0.014670566170250633,0.16394092296003754,0.022467386867277797,-0.0963382150233263,-0.038387368312596426,-0.05858869448059456,-0.02672551166807082,0.09010060278612136,0.06421785919022041,0.029980680776936962,0.05801503674081707,0.01736536064912811,-0.08488002957371026,0.04161279338096447,0.1286668392923321,-0.06762575329627755,-0.18668038739984563,0.08206320113314437,0.042188993149997474,0.13274042019413543,0.05656107506295277,-0.008701798048112566,0.04035627337523755,0.14251385628193566,-0.0895704848048236,-0.08008007064330479,0.04635929841667384,-0.005531410452572005,-0.02241867289581901,-0.08177240142389018,0.0017975946405144468,-0.050988825846372945,-0.023296701555487728,-0.07726762397869483,-0.050838015615255645,-0.07991390837418966,-0.07421761849104444,-0.03762795600756478,0.17401910336946405
wkSMA[1][2],-0.002790762748125975,0.0019794306020917275,-0.13893778750418878,0.01854934062781883,-0.0838386512639415,-0.030987147935736314,0.020450188892802434,-0.12437008423932829,0.04216569494478058,0.03904237394086023,0.003061051592372557,-0.04852696129572552,0.10356147893214895,0.0350908867612805,0.031020708745806164,0.13221767184222658,-0.05277033352544917,-0.08454142834536671,0.038663931400486226,0.024954802465439282,-0.0015275793099694761,-0.042508667288042305,-0.003091972490615503,0.0019504995686482017,-0.1349353423346718,0.006335615218631519,-0.08681147855491833,0.046831422567678256,-0.04405432456389248,-0.101148837424074,0.09872687525272407,0.024547813795085915,-0.056471013386200176,-0.04300062937415144,-0.12283119494386442,0.018977680731777496,0.04335612281295811,0.0017956065553531948,-0.0965145874771069,0.025586010646359878,-0.013725097683864809,-0.03833676239181926,-0.02727884869200705,0.08238336800695832
wkRSI[1][2],59.96580266956812,4.513776725798801,0.039901350231884423,-0.1731011800238139,0.08653605508697898,0.1761569025046105,-0.10120988158217417,-0.041693009963889846,-0.09310963318579124,0.06391824597451998,-0.14055223648421825,-0.12188462498757235,0.05522905963600948,0.016524182370316835,0.0492518380049322,0.023056399919023012,0.03016169071960334,-0.035372863234522954,-0.05009376109038789,0.08862369936196342,0.021742672598623256,-0.044333776648852435,39.24189034342926,4.822597063787372,-0.06023081605787558,0.16570122661861086,-0.08385753856632842,0.18942075344225692,0.03144519860223959,0.00333395551515029,0.07763126970223719,-0.06467695097623417,0.18145244076367714,-0.04468070125817143,0.0866189499524912,0.0015652017395991406,0.07867911457304115,-0.043273006144069204,0.0385104388540485,-0.018682285170947707,0.08915063006191097,0.046932115449745584,0.008874399788253783,0.02809986960555752
wkBB[1][2],0.0013570772982642383,0.0009987513935689955,0.12746551088692504,-0.017033167936288493,0.005265379676290587,0.11049477858288698,-0.041913358387140234,0.20116697210814813,-0.019155123328854,-0.011268898279439516,0.08803710241949046,0.08733575652415891,-0.11818000142301215,-0.051282736078804965,-0.12264053620479118,-0.21929485319468903,-0.04742199136619481,0.003549377048883772,0.11908938867450655,0.11659316367835915,-0.012690379882366853,0.1365196329433805,0.001467986783227879,0.0009715304012482595,0.12204906489933477,-0.005244115619388474,0.01988651254960564,-0.11830872907863549,0.09815270117363419,0.14939949789855367,-0.08064698989852306,-0.12386561683887914,0.07683170691399843,0.05316914393610966,0.24427860975162918,-0.007065231347409968,-0.054207850733195055,-0.018821903705179388,0.06581315464840995,-0.0009661917421034407,0.15314347233200234,-0.17624580022002867,-0.03801447673060414,-0.08199484964490672
wkATR[1][2],0.15129442815249278,0.07594127219323478,0.14178026834458754,0.033612743352344425,-0.06414858063513729,0.034122537879926904,0.03608815352741576,0.07725601020419737,0.030822213940184456,-0.02767151843786234,0.10326371425510385,-0.03415733505865808,0.09419020287410562,0.011004477002568375,-0.09852857054833362,-0.029543797459924668,0.03192205056590706,-0.023754905457276706,-0.029845555210902968,0.05239786172992191,-0.054907112497627024,0.02372871348536922,0.1578114730878187,0.07509085588465526,0.1379615646634106,0.04765154214227203,-0.05472822727179377,-0.034176402663322995,0.07519519574787553,0.024425085032614435,0.010591108472233294,-0.0812503465239072,0.022618595100811968,-0.11048487192724106,-0.006834723624579352,-0.023453734954279628,-0.0780949895092836,-0.04922640360626473,-0.07841865296394368,-0.03495736459788325,0.028564792191928833,-0.04128812867148128,-0.06360401255768942,0.034174543327811654
wkSMA[1][3],-0.003271365420806721,0.0034520554501203727,-0.07808912407635096,0.14783338819108288,0.009030732474913929,-0.1819845953513247,0.0076650170129939675,0.09273206297460605,0.014867485364504128,-0.11005109152793878,0.028696084116388625,-0.01847710386725303,0.013779847710297445,-0.09338781644875489,0.14037555586860995,-0.1374315757400912,0.15643002774928258,-0.02368750701777449,0.10599838511941573,0.1533560840455081,0.20048859458274954,-0.020307245042715683,-0.0035651645702272487,0.004031298945882778,-0.10178187688528738,0.12637447343183233,0.021525711722563016,0.15541130764767705,-0.0398994943162938,0.0343003240084348,-0.08421713981892134,-0.00967067595075263,0.11366491309701225,0.007637367403294444,0.07743455367967647,0.10883016867179265,-0.08712057635306461,0.1238841416175677,0.08144962928179034,-0.05574409066353849,0.014721224792005628,-0.18448117070037445,0.12611696529587083,0.025326510079642102
wkRSI[1][3],55.7594395282807,7.733043408221086,0.005036208637495342,-0.22140438421891265,-0.035104101059934924,0.04754024136011159,0.08569556219963331,-0.1036475174431797,0.016515790947074865,-0.03796293758357858,0.013263771106361172,0.05571062746010257,0.07013851927152989,-0.06848929730142961,-0.007735808602870014,-0.0077398835346544955,0.09630272567264615,0.0018374939050113883,-0.019029121932171565,0.13923017007866567,0.0994146683612273,0.0708092944996733,44.60938504965539,8.041098593910009,-0.05734703002673791,0.21110733538837478,0.05885707987208432,0.047459743410415145,0.016936211658303953,0.13215707043993,-0.04620575668462549,-0.06361421229455029,-0.016742625968256424,0.056085689690902094,-0.03958372675431156,-0.09256650270050891,-0.006303621510516568,0.03470134702235953,-0.014413893677649982,0.06715293538022875,0.01583166341954664,0.11740992823207587,-0.10897954685815064,0.03192251387194919
wkBB[1][3],0.003068634458397429,0.002065581655780631,0.10652336950310316,0.0027342087535845157,-0.09406365003963003,0.049153357666991894,-0.03358122795785802,0.05168991452363766,0.21958698318481934,0.20192372835386582,0.05765988362625634,0.08249223546906011,0.033609844221154934,-0.060410383981342464,0.32394952130762594,0.14769417394657497,0.12721689797344407,0.19997782462453384,0.014841409433130441,0.054163476722043684,-0.10317387247426359,0.04227016864225772,0.003209630936466169,0.002093563160533813,0.10486976025961114,0.03767053094816258,-0.08206113133853747,-0.041823308134001314,0.024211180966454665,0.13129610066126277,0.25998793115241187,-0.03885287198322476,0.06345940481830811,0.11208905679682948,-0.21694413887337657,0.12294333663567418,0.10712396404947197,0.11241512662577505,0.13352969903998893,-0.18612385221263172,-0.11213515551292394,-0.05382673658844075,-0.03963662784305985,-0.17209489978783843
wkATR[1][3],0.3220619648093843,0.15714931439621704,0.13480352190002895,0.047997214586832086,-0.10208568481141875,0.015646818971625197,-0.025214349612808357,-0.0002630998686191732,0.06551849104843796,-0.02900683433921127,0.025951366116012543,-0.10527133854363972,0.12230156394409218,0.025968417028291453,0.011133384335778597,-0.005987970539469536,0.10101716689586066,0.033931330728043614,-0.07592653533038517,-0.0772003387130083,-0.06819584948042472,0.10983762896188991,0.32445203966005626,0.1476872122191477,0.13100219401590324,0.06797312251815635,-0.08472709132883373,0.01281682210489675,-0.028175367833416665,0.019569261616764907,0.028508027658959382,-0.02437070500677492,0.041507709132716064,-0.14228024139244372,-0.07796295862405529,0.0012711498159905597,-0.11788629952097619,0.038293132987539315,0.021628700214223685,-0.08671398038767439,0.010517874611660151,0.07662718926126104,-0.000489041091524001,-0.08703273146624516
wkSMA[1][4],-0.003208292214536839,0.011506916735040543,0.006361130530572111,0.2017470360136796,0.06352139197893715,0.0778998151915221,-0.11058006301791243,0.00473026425428106,-0.06003225783142731,0.08789274394023447,-0.13783728210585,-0.016016057850548365,0.14504924900714908,-0.05647018312611912,-0.09368962744825558,0.077799352508322,0.014598006850461661,0.05648251193643849,-0.039734974442961236,0.13218943333460684,0.09159947902653551,0.10861256734061454,-0.003098680935445695,0.011927398471112715,-0.07180211476260347,0.16502351651234923,0.11111619213664103,-0.08766837879961818,0.052815556318889054,0.06577953465847917,-0.020401561179916435,0.007908288637326635,-0.16640272688462218,0.023637844848032927,-0.06281001865973318,0.15021935634741065,-0.006992333707665216,-0.12793650930658448,-0.10381115784399017,-0.08762434605214348,-0.060050995829534125,-0.059564509398395915,0.05388371304317008,-0.02941438977570207
wkRSI[1][4],52.234823384837625,10.583340029805074,-0.01701753975052335,-0.18493922382333214,-0.08367736326808109,-0.1741869849251559,0.014693254412649643,0.1311408555396989,-0.012154893739401908,0.0022699770814932157,-0.03325160664629028,-0.07548468347821337,0.07300590388944873,-0.16250726866745582,0.028057158310868253,-0.033261382234553785,-0.03403131484918095,-0.03659674957257396,-0.08603432419690857,-0.013764413508273433,-0.008499804386418949,0.03777361527382838,48.30424625141513,10.198027256550292,-0.04854690977934467,0.17579604033675994,0.10802953342477743,-0.17280759517137245,0.04917738771929847,-0.0621394864225602,0.06065383854773385,0.027165035648422715,-0.03621883667024609,-0.07117360699682058,-0.030338813905571638,-0.11969220117377662,0.06971781482155073,-0.06851455841390693,0.08914715315102165,-0.06735028412593122,0.10379410071270387,0.025474545281965133,0.017048682560583776,0.003945484676264434
wkBB[1][4],0.008405242349630214,0.004994901925758811,0.10219713587214456,-0.010164746850520536,-0.12306869767898532,-0.07046644840052321,-0.09214181998706052,-0.06230419100162218,0.11801884228584937,-0.06981200533952843,-0.2149902593904883,0.006658272942450532,-0.1742685554412233,-0.04905070604612551,-0.11833531440140992,0.03251221483307517,0.07818835479436331,-0.22770902212471147,0.02434125051179518,-0.0746028861964001,0.19122767984027184,-0.21515935232705993,0.008573834914722366,0.004905685464971826,0.0933002710720578,0.09318174824857048,-0.05681839690024432,-0.042055304261891926,-0.14786614725374714,0.07265883328580343,0.06547973310286341,0.23069171556267998,-0.05490590708934929,0.005116816443087937,0.2313879783017644,0.0072812991726036395,0.0746072048454359,-0.013159762305400615,-0.23592466184486582,-0.04317719477368871,0.13564110262907306,0.043932718864448814,0.2417443152970534,0.11066429090150957
wkATR[1][4],0.784339501466277,0.3722956218059521,0.12249399471521207,0.022057460670975963,-0.12740828031946277,-0.0339997128756837,-0.08358061497852064,-0.1359115411909579,-0.07178242676715418,-0.07900927198129575,0.05095008587039013,-0.10251304947907289,-0.016231742614387142,-0.035968410227499956,0.00856753821057333,-0.015927229603251117,-0.06526884109662204,0.09444888789544077,0.004989095002740259,-0.057709108584795867,0.15101113332379593,0.0031442436376758302,0.7921948441926334,0.37040902278861854,0.11489061649503923,0.095560678896333,-0.08474100164268147,-0.002815593864815919,-0.16614423487533878,-0.03149353871292214,-0.09482430819656126,-0.04554100762911983,-0.09380525000549422,-0.08724360528874579,-0.048190710239025644,-0.00046432018314317505,0.0065977978964407765,0.009698991008537017,0.05540058661344105,0.10864114708111873,-0.01311049829085552,-0.02810254495261488,0.1296453281851552,-0.10227730393373104
wkSMA[2][0],-0.0020194127196281847,0.0015259572903701193,-0.12206481865761369,-0.0047255244695624,-0.14409293148610153,0.12091694908216216,-0.07794497779827568,0.06972151346352333,-0.029498088641489593,-0.10413526301474521,-0.00035012862487451645,-0.012897584957050904,0.033251477109578945,0.03377461179712841,0.02649203159330313,-0.012170573119895929,0.020963374073777623,-0.01290223566236941,0.0630920472104408,0.05801474531080018,-0.06570654061657177,-0.08906859967498844,-0.0022495780567223607,0.0015484969320913025,-0.11811479193776565,-0.020686920228409372,-0.14340970787292445,-0.1299862614962297,-0.017670532220415494,0.0851912973968772,-0.09322437032035696,0.008886976290881452,0.05225146063324326,-0.05285190851399563,-0.04199619276156644,9.29143502935603e-05,-0.03315310966036598,0.00930167287766344,-0.010871714204248683,-0.0718630848016847,-0.006860991349698979,-0.00944835581694013,-0.015134097356150612,0.08282147082445089
wkRSI[2][0],61.74401884421975,3.7834464412324156,0.052742104553983246,-0.047164601968604426,0.2248410129837217,-0.11277266992764157,-0.1730397610692078,-0.04259749454889706,0.12056134024271184,-0.1056460742410391,0.10027642908863361,-0.01379884474914883,0.07004892895579992,0.021588921277890787,0.01093795509158705,0.028880682241323313,-0.004526767182824832,-0.00880310365094422,0.07069804434349292,0.00870963419282335,-0.04206925083176728,-0.01755341643769233,37.268088719672605,3.8721994209277115,-0.03707177095973544,0.049713719628649955,-0.24513321692952772,-0.059103974355051186,0.2029742556506902,-0.0636963207335913,-0.07434443892975871,0.05511633870560663,-0.0896756349561417,0.11515053327225239,0.046705164487406116,-0.012476551529766228,0.002171411172012161,0.014653431089892997,0.03111835517911229,0.05127217783859934,-0.030515609159898496,0.03410852664100698,0.004976465017842307,-0.03551156495254603
wkBB[2][0],0.000726026330098382,0.0005532076965132112,0.12552099956288548,0.00762544742727416,0.0905395702953446,-0.06364242472862319,0.09596380585350883,0.027274045877162083,-0.030685348229901824,-0.07819685536275935,-0.04040805143488872,0.105221745324177,0.02213362762302847,0.005858540636793194,0.06442550701393679,0.24381980073197346,-0.22186285487563706,-0.16678127686448405,0.008592004338983826,-0.04276876262328961,0.08543463982665751,0.29449560269413766,0.0008189281440830595,0.0005558276539885407,0.1168221216861737,0.02265681872015154,0.10550643088589773,0.09280038106052964,0.05613101054731946,-0.06109090692887262,-0.0334161059204216,0.11502813297874971,0.08157773800118479,0.02724537598009543,-0.11621658910205487,0.03493092394978926,0.22113639316814626,-0.024710316571989986,-0.13977217785447546,0.21877942902042488,0.14758529448455457,-0.16036416892524358,-0.08776208903563067,-0.1883925543322773
wkATR[2][0],0.04354206744868017,0.023260979460183198,0.13379601423470627,0.030563708926740728,-0.01304197281057947,-0.017749631311929245,0.18026967223413828,0.0047560407307951375,-0.11359762441681183,-0.031153826558448443,-0.07177383898223529,-0.05205955792460782,0.08624562343129574,0.07034498878166733,0.07939150532602934,0.04178117106540663,-0.01616534276992887,-0.12100905823521586,0.1535145105654101,0.0760564810792341,-0.08664551244052947,-0.0884074698400546,0.047689560906515445,0.025122678498695913,0.12917477747260397,0.059197282611523516,0.0007419468831097343,0.06026828657103591,0.1374634785068332,-0.11300450172297123,-0.08619230741787919,0.08237380589433256,-0.02863002712586268,0.003810524021666603,-0.11919001383833526,0.020105963234880488,-0.040270998367030526,0.050512017463844046,-0.06251538463945006,-0.02627706849978983,0.049153543794107364,-0.10344921976546481,-0.07519097590568169,0.1665793478584263
wkSMA[2][1],-0.0025207258256619374,0.0018405132066546465,-0.13471871605271224,0.00339847594018712,-0.12410803274836554,0.059594514011854796,-0.029355266337351013,-0.042909543161950066,0.020444665939863754,0.07552502285210295,0.030238246316032162,-0.08384070551430041,0.03481788270300029,0.016538350667907698,-0.015302787658419597,-0.03228479096270426,-0.06542871273441464,-0.12381204969232748,0.13594753592916478,0.0727520575136972,-0.03746654445601838,0.0636900666421886,-0.002767344366389665,0.0017471244397498401,-0.130739780017462,-0.008501391833829667,-0.12854820287423827,-0.055094506104728456,-0.028745347863691022,-0.019805507200468263,0.058164987600738266,-0.05702894312212881,-0.08709175708120749,-0.017599043021772245,-0.0031203914312209623,-0.011261688152325158,-0.058206063360133356,0.0365538971762579,-0.05594773079534905,0.032457333641919085,0.10297044348702494,-0.1362624366096587,-0.080087625909716,0.0018408343733373688
wkRSI[2][1],58.918898937233315,2.9961143187737735,0.05873978880938428,-0.1120196688750173,0.18757642039083944,0.06347421665012709,-0.18839170398939556,0.03821393318524126,-0.05751084669692439,-0.0614434556985194,-0.08215649662753853,-0.11411408932980255,0.009032033337722864,0.0195470069170531,0.1440010519972826,-0.07159774510594648,0.04293474561437692,-0.005271898945025834,0.10927724828328142,-0.02887851845563998,0.004287212520878485,-0.03863167881233669,40.247345071242535,3.134488487884599,-0.056293844013206536,0.10631592865358284,-0.20669218807513465,0.09869234998421475,0.11492304543744834,-0.0941166438156402,0.12197827753044682,-0.03858311879673049,0.031284113300367976,-0.022545628060996484,0.08633045419440315,-0.02042474223346826,0.07415680571343551,-0.15254118891572674,-0.05836718424764085,0.03850697234007421,-0.05532394711365959,-0.007880155537630874,-0.009016506261225854,-0.07781430956985487
wkBB[2][1],0.0009841274497755595,0.0006977379652313495,0.13054103501753136,0.0036670543411201945,0.04971043054023608,0.019589815446751983,0.03050582342345632,0.15018755231809264,-0.06086492035592338,-0.19023547417770895,-0.02025138480662526,0.1634421622820967,-0.03050165488709913,-0.005352122523505943,0.0027566020102223416,0.06262947153928389,0.044044273998377424,0.10026102364394028,-0.10523824805432708,0.0954133862985763,-0.004157184609929142,-0.17717193799780848,0.0010731770486547111,0.000699650734935969,0.12351449270801144,0.010226887463771005,0.055719181102669525,-0.021162612783576694,0.10740870174243478,0.0816730497809119,-0.1632338674134279,0.05220900047399805,0.18965286665853875,-0.008494631562993286,0.053323061817341276,-0.00676808383525504,0.09989275512462333,-0.13664236678090524,0.047085892143698155,-0.11061428022310138,-0.20344163531173345,0.06412358820174645,0.08352159845007519,0.030446956149629854
wkATR[2][1],0.07396781524926671,0.03696582856329024,0.1423029080318781,0.035038803619695774,-0.051235871438342837,0.016886059558193896,0.09913535447823756,0.049937826483800525,-0.03320597074281956,-0.04792960902992431,0.03256487064011685,-0.022357866425249576,0.10132471028597784,0.04017925284904329,-0.0666496225855793,0.0018195349578963736,0.034187776983651115,-0.027056511017837816,-0.04247920768977842,0.11618486195830939,-0.052837700504599065,-0.149618749866257,0.07848126062322938,0.03875102611870026,0.13613595878438267,0.05397080462629856,-0.04296492219572389,0.0006065623292361074,0.12444764681311248,-0.02210890755065743,-0.05793359491550921,-0.030049197664265937,0.022813017776621355,-0.07686651866611158,-0.01615351799551227,-0.026574906145408923,-0.09802515299683924,-0.0684755847533316,-0.08519215694114511,-0.07244155866115207,-0.08033177478202083,-0.08274103702129998,-0.06395689309651595,0.1156849582505482
wkSMA[2][2],-0.0032652103475003325,0.002434338707849704,-0.12642727612868088,0.06662203487687939,-0.02910882006932744,-0.14472933448557657,0.05921835296267155,-0.06605404610519734,0.030664561729658445,-0.12195131209733143,0.015553632235600665,0.08654731248642147,0.051355217140907766,0.021805988517949817,0.05967538523860604,0.016697021543164197,0.07525551403521892,0.08562203466762851,0.10624001446479031,0.1548283671260807,0.06639293261125286,0.008759884290303171,-0.0036127174962901623,0.0026989313944033003,-0.12530423873040614,0.05380913953161393,-0.02233696413168243,0.15484831282651032,-0.046368844857860046,-0.08231157448467535,-0.004937698807355599,0.057340882295123824,0.11437339361161213,-0.05693813245782889,-0.013182454781983294,0.06056833547357978,0.018239978519726033,-0.0202282601831512,0.05835355635218248,-0.1474617176775981,0.03121931483054857,-0.13632597869531923,0.15063694258792468,0.03472930262335001
wkRSI[2][2],55.381977868212104,4.3283100314242136,0.02254858830198347,-0.2102348292864489,0.0160757151333838,0.14134063455718504,0.0136307317019363,-0.10978682776877853,-0.03789936100229378,0.04203364580328651,-0.05954670302868551,0.007307636910784843,0.09172349678470147,-0.004826151106804435,-0.01824095353175913,0.06436823789124736,0.06186054919023058,0.011913584663213796,-0.036952814794599775,0.17151639959369483,0.07456929299044367,0.031160802256416324,44.3977901121039,4.677947703280191,-0.060116688599057465,0.20096669420648614,-0.002126760882079162,0.14240477143367392,0.005703279123749367,0.10205392554396767,-0.022665010836986344,-0.06953689114533108,0.10361172000378378,0.019427749996158185,0.03405614397402504,-0.03936046073930217,-0.005810266543343715,0.0621644615585876,0.0366828183222183,0.04388098762627565,0.06569140312360056,0.10858616073017228,-0.08540479252374196,0.0348724714180234
wkBB[2][2],0.001964126410887537,0.0012832685796354082,0.11571895711090298,-0.015194564119862678,-0.060425642175108575,0.1098687283444964,-0.029565038652597905,0.14718168801384549,0.08083494838789744,0.21071091521938945,0.16041390921946758,0.011544974930511471,-0.04176856533305655,-0.03802440627315838,0.0804233331623896,0.09298636722904804,-0.07030103192354907,-0.1450696845271505,0.14985217996288808,-0.0736176254602223,0.284707437278052,-0.16375341024536907,0.0020699461441255947,0.0014197278021309471,0.11002344276087403,0.009444704425093112,-0.05939848206116693,-0.10426317086192259,0.07884998586714514,0.12439082020888984,0.17463627373130633,-0.20618549077209009,0.005297156428571101,0.08375395157387605,-0.0482228342056974,0.0887118121023528,0.16474671300560811,0.14134227272779334,-0.08767584950769929,0.15553648200221576,0.06569986429239466,-0.028183134640881114,0.22516021433614708,0.24453203132300821
wkATR[2][2],0.15674469208211164,0.07591446113560503,0.13733222530680828,0.04509406553940488,-0.09293790898696841,0.02169317994717513,0.008804584865218155,0.04264267822371223,0.06643378214966193,-0.016227660473761646,0.08467632843683269,-0.08870278851457997,0.12427252413676587,0.015101993512014808,-0.01964515468911265,-0.005204749396781268,0.09647297911880354,-0.004202493024441997,-0.044510432246454845,-0.04177366920871829,-0.011867887775687562,0.023995634741824066,0.15926900849858355,0.07311477654648114,0.1349598421771618,0.05505643094367173,-0.08014595294227946,-0.012089226013042048,0.028470753325671665,0.022948288909747643,0.05130340573049919,-0.06338383922755814,0.03675698341942062,-0.1366833981145813,-0.08056446439527237,-0.015940648270203767,-0.057557667612878394,0.00784882428145577,-0.0503675288288774,-0.08429318275781066,0.008537586282144141,0.08724064708563115,-0.0004949934360149807,0.03390623260546768
wkSMA[2][3],-0.003348306566543864,0.006082016344095535,-0.03297621914615354,0.19477993323644002,0.040782130375702316,-0.07890839525152972,-0.08801329877093987,0.1435270969100203,-0.02617376248610292,0.05775302670442416,-0.08767599862600389,-0.14962965810326165,0.03794021825701221,-0.13414780826798925,0.11366944421897891,-0.057229440654935,0.007295359135249829,-0.15123158739790252,-0.1625843048264928,0.1096433870381639,0.02566759235617201,0.01576420911019616,-0.003492847126512764,0.006692310082463721,-0.08451232363387884,0.16414512833460848,0.07024474761009547,0.07306566786304301,-0.006996840291745315,0.12473251337299034,-0.10196685844329446,-0.04463383498447166,-0.04693295538279026,0.0848978322819851,-0.015648660889360264,0.11475324994282173,-0.09785272800546112,0.1253836939903974,-0.08548867051153465,0.10441391797430155,-0.16649993459548718,-0.09993688322774588,0.0009665915283058636,-0.005379845088002666
wkRSI[2][3],52.95384740415943,6.528266500947088,-0.005446198082034102,-0.2181766801344549,-0.0622622845714976,-0.05678735849519509,0.08985690359325846,-0.021139300607633922,0.03199622937969305,-0.0658913368116864,0.03328421915083589,0.011601607191852194,0.046271243153364616,-0.14216101123876215,0.0456978889116825,-0.07407058231474926,0.07362614623278853,-0.07002340652002588,-0.05441343438597859,0.06439380916221585,0.071861594609838,0.0678018801792857,47.579032639167536,6.7113264436715765,-0.056331248511742045,0.20385469121617722,0.0925378530240538,-0.061983596520179186,0.023282811702490837,0.07310750524594116,-0.013494714879093029,-0.0277278946253443,-0.09316448837089061,0.030712058772689694,-0.06852762100328108,-0.16720689146110781,0.05255612160655083,-0.04687101153057259,-0.012877404712140552,-0.011920077535663426,0.05843851760434653,0.09706512412051543,-0.05586704551542807,0.012038774089816226
wkBB[2][3],0.004902398680572908,0.0031602874688487904,0.1046529015852803,0.015371418236396995,-0.10212357000363786,-0.006025458565999034,-0.05957853596804223,-0.04163101526178827,0.2699545044404106,0.016617287783538243,-0.24613820749405416,0.14797890159608457,0.08467297778703106,0.02796953049962578,0.08570926819699183,-0.13808601907968868,-0.11060714788569358,0.09238329119424982,-0.0003090288956445181,0.07144482851690735,-0.1691852727772489,0.09493232968310067,0.00490786476121425,0.0028915694432993986,0.09281182781563221,0.0720091042518542,-0.08098209832186444,-0.007096563165669999,-0.08424062029752255,0.1372364015758308,0.19338706853690416,0.2523857447470223,0.06042158633334453,0.16059146266879987,-0.07930714052665314,-0.025887914656211368,-0.15139952978906657,-0.06933601289510948,0.17514088178815182,0.005950496446492128,-0.09370589377748725,-0.06532549479739078,-0.20321935079589803,-0.05607973580642551
wkATR[2][3],0.32978563049853427,0.14967566486491704,0.13086014368031382,0.043646196882080546,-0.1143135536061338,0.010746261126805576,-0.043050340294769035,-0.0785021801225704,0.023386454008712452,-0.08619720342422285,0.0020909038496496704,-0.12003401267123145,0.09460395006786881,0.0535833652566868,-0.058992131057947636,-0.010749134707132419,0.04637055490463404,0.030428363081255336,-0.023941258847615235,-0.11103456808198298,0.01750268400012744,0.09141764133091915,0.3314371954674221,0.14442750467722698,0.12408055459851842,0.08276082151090142,-0.0936553806134268,0.019399889880426603,-0.10281384035509765,0.011215805126624196,-0.033045827867872066,0.010448866125659713,-0.008102365200153462,-0.1313040142548961,-0.030986238976469134,-0.050077596776841565,-0.1188637593499313,0.05033239720358769,0.006619937495724934,0.058421354052937566,0.008854284798037126,0.07119409623733652,0.062451108542857174,-0.1366891903975624
wkSMA[2][4],-0.0031023144483625937,0.01790804659403788,0.020142670589278065,0.1800657665549341,0.06711237769204076,0.15523612862033215,-0.06211777806869162,-0.13379383418993812,-0.06354030293092597,0.012842624948550015,-0.06023826542112169,0.1264988704654037,0.1391555238985694,-0.12792690722976294,-0.14603078892523147,0.05761543274519664,0.07647860066023097,0.12429897295863601,0.13652741490242115,0.05050213576297094,0.18348376626684523,0.06893778420369688,-0.002773474963921823,0.018344456016513286,-0.0640053409586572,0.14371045429618673,0.11907261958042444,-0.16516270937506183,0.0872830557254726,-0.032871210507714084,0.05482190727983268,0.06294377148620049,-0.08637483041780496,-0.08768043046510042,-0.013445993446163956,0.20947594635159028,0.0015182830551165741,-0.16361187810379751,0.026716629383865747,-0.16823581803220458,0.06574155753125,-0.03849929359238721,0.0749574172723221,-0.06436202221902369
wkRSI[2][4],50.758154823728404,9.198437673834459,-0.013345138057692076,-0.14407899771639965,-0.08882034408242834,-0.22018655271920332,-0.07624396677623606,0.17544093339723027,-0.0830139382556246,0.0930047268740052,-0.08705760427744097,-0.028392722092799007,0.13153288181329414,-0.08973341602051586,-0.10562983486647863,0.07449134956669527,-0.12039854368457967,0.13038056206047766,0.06853205880096049,-0.013635442599580801,-0.030943627736137024,-0.04311484304394017,49.12198228809827,8.41508610081917,-0.03777236123491952,0.14110410567998727,0.09206005138227848,-0.21912642588643336,0.013416277721093458,-0.19089069586419638,0.08389222486284716,0.03766339637065815,0.12236624497337364,-0.08107087075409426,0.02753013612289009,-0.13412398216943272,0.03399469581740719,0.09051970651180619,0.1264065377798127,0.054477260554297934,-0.06074434249969813,-0.10399056413124079,0.0310380994967379,0.04212073802997582
wkBB[2][4],0.012044675954732674,0.0073092674693361216,0.09991988267878472,-0.018729790179840684,-0.11919803400277432,-0.1021869967128611,-0.1272393262958942,-0.03965335653636523,-0.01785222558175306,-0.04404621204264081,-0.056434362133576936,-0.08536486102940287,-0.3245948694938856,-0.09537633026817202,-0.07484756924972696,0.2518811286281436,0.20882968930748952,-0.09328610718162135,0.0738436617619007,0.10037985046672677,-0.13914828376662783,0.08051017209864417,0.012129224393827487,0.006917586189609095,0.0892231048398907,0.11678604611755712,-0.04816319087705776,-0.06574812262786729,-0.15174120121234747,-0.0351635497409556,-0.013337018168329386,0.09630261249853382,-0.09169028168990156,-0.09711200823715091,0.2517560949720286,0.13422453439492654,0.2381293524505856,0.2132053247201009,-0.11980630610256297,-0.17439295991005105,-0.07880133265899684,0.04102791677220649,-0.16566021518661403,-0.0659000009575155
wkATR[2][4],0.7902797947214072,0.35431035682357714,0.11121357327420735,0.02123711906798561,-0.12523809903035138,-0.05999395887388961,-0.1200242354314535,-0.16026820502897857,-0.1553753818331783,-0.044257079706821585,0.10171880548478648,-0.06242012996489421,-0.011183831385279897,-0.06458860923961914,0.06493014221030673,-0.031641733738325385,-0.19535866392125087,0.12750995899248024,-0.01175886124391078,0.04174245056173408,0.05019940790778279,-0.04043795503946186,0.8053051416430598,0.35856258212535924,0.10490665352445168,0.09245748404937924,-0.08611786040769864,-0.02419167508432142,-0.19504768158446237,-0.09001715930632777,-0.1307674985043922,-0.10236668577337675,-0.10200872470401366,-0.022947167048450123,-0.061112448181117204,0.011530519630228064,0.07348220215831466,-0.05647588036168368,0.1540970378046192,0.09375544851762885,-0.04456979322410516,-0.12584545092175867,0.06780188539053796,0.006111249217180974
wkSMA[3][0],-0.002368373378208663,0.0017475382291982594,-0.13154180865910825,0.0006983786189211776,-0.13515599287000435,0.08860933812251214,-0.04850830495834597,-0.0027713597869816744,0.0003894521699707893,0.029197322072672532,0.02067924875902441,-0.0698423364592952,0.025232177274130126,0.011217992346573856,-0.012125686976439797,-0.06767528454295547,-0.01171350386394382,-0.07341154338127376,0.1141438033436177,0.08823231895988577,-0.05716870283694256,0.00039318389063649686,-0.0026117307825856153,0.001688824180035108,-0.12656988811968847,-0.014434234897835248,-0.13982106588346874,-0.0942159751553478,-0.016465606751798874,0.02584947272140214,0.0034392603237634826,-0.04889973037746859,-0.053155209650888956,-0.025946079298827984,0.015074830394093897,-0.009920266896247578,-0.08470191617038109,0.02908849478956274,-0.007313456344002347,-0.03759615591532951,0.06125736861483944,-0.09312112177727154,-0.04620411964610057,0.02591076631044207
wkRSI[3][0],57.112997999962,2.4307901495848863,0.06198839566768228,-0.0759760267679809,0.2225597789858374,-0.027337235423208928,-0.17841284162542087,0.022895302612667943,0.007644250544870978,-0.09712242995688926,-0.009991749029888666,-0.05266400247852314,0.005325912150236774,0.020246339198819484,0.09116376130028134,-0.053259368231211766,0.0457423545648262,0.024439923670600997,0.1067225517677324,-0.0016837267259939075,-0.01194100854180973,-0.03405101852586601,42.18735319662798,2.494183165271442,-0.05056084337886671,0.07436448122262782,-0.2448338072864424,0.01592154414054023,0.1459059288582663,-0.0856042605247006,0.05390083928755809,0.005778415279673506,-0.041325723988305266,0.02677818465582516,0.042460236874462806,-0.024087349340712622,0.04208163114072779,-0.09426780881680209,-0.05131542851132202,0.06603779578499641,-0.03027994811271507,0.01609384477116221,-0.04741502517993206,-0.028369713790001787
wkBB[3][0],0.0008392200665618306,0.0006321198590603312,0.12601719271438577,0.00468080882599374,0.05714374384807412,-0.005281776864946755,0.057585730031797885,0.13155403009525546,-0.06614421726088693,-0.21468659877475116,-0.04686598030998503,0.1858078170797659,0.014570528319380221,0.02892043283649878,0.05765977330964828,0.215591405978049,-0.05827615758344602,0.001103907813278427,-0.1062839181779427,0.03911509736139775,0.033467552465852576,-0.08440228079761598,0.0009128026519727397,0.0006057625665128919,0.12125915373201812,0.014338248979378085,0.06907390395663707,0.02502072287661838,0.08263042861202387,0.025968058785834705,-0.15215060780422587,0.11964075215736228,0.20403557156268445,-0.0033522045858564117,-0.07402673385311938,0.012014988525651202,0.2038278759857812,-0.1417696840927241,-0.060689893311825116,0.03834996080208106,-0.18041421095558843,0.04434483880487809,0.05853878747532404,0.031046355735500606
wkATR[3][0],0.04181108504398817,0.02120178473758166,0.13889521172721275,0.036717228867726846,-0.04155015611265518,0.004914839379145736,0.13024109182656796,0.02804156167582664,-0.07781509875838094,-0.05490931356049663,-0.016250547688022768,-0.03177249770179362,0.10258779418527882,0.06122129185067337,-8.239781252153934e-05,0.02618459667188312,0.039346503771172665,-0.05096488062288562,-0.0027757350311530525,0.13004187413655927,-0.05992528192839437,-0.20220726875659628,0.04467258498583566,0.022679954621555927,0.13454897587579895,0.05541522871063735,-0.03234020779528597,0.021951303137714283,0.12983379661963945,-0.05602768069061734,-0.07994373678937404,0.018374613807364028,0.008731628131095438,-0.05569302066878103,-0.0763519830716029,-0.020163869798064723,-0.07479019503897831,-0.047993271397237185,-0.07770146867223783,-0.06825751913580932,-0.08930860339739469,-0.042342884969857546,-0.05004922097827411,0.1883290157751135
wkSMA[3][1],-0.002934981253484539,0.0020790719076138353,-0.13928884466180763,0.020043995809710537,-0.07886829900142203,-0.03893991164474881,0.025366789137699762,-0.12759218442262,0.04206505854418365,0.028721229004158987,0.0016635068999741323,-0.039538789117619426,0.10443450184154775,0.04038394942897087,0.033210482828947424,0.1424913365895253,-0.047001384558548305,-0.07273589546591927,0.030277058073992037,0.023934539224445568,0.005767002111493879,-0.045677082575375075,-0.003241380335396569,0.0020427210257076777,-0.13509278539872838,0.008149509748370443,-0.08296979870402967,0.054567243070729965,-0.04586851563491728,-0.10615103290792567,0.09383949921354887,0.029838525134155674,-0.049640125881450656,-0.04631323715987809,-0.12546446918945547,0.01641719745965528,0.04919593202992454,-0.002644616991940634,-0.09517635566222424,0.023646944061097127,-0.020180797867815247,-0.028908810110322005,-0.01625075727359077,0.08270351138896016
wkRSI[3][1],55.01918773692118,2.399658763655131,0.046314044496243836,-0.1738793813732078,0.10264526021362766,0.16338547397244374,-0.09683530558028018,-0.03410827594682158,-0.08057442279504877,0.06984367644356525,-0.10877525485631508,-0.09147973119298232,0.0528042044410164,0.010859912729522187,0.03903543511095661,0.040590061677841675,0.0019850406049576074,-0.041397494096292904,-0.024278721807491296,0.08511628508277254,0.022749948650473528,-0.039480322142380446,44.546806873950025,2.5880506356282313,-0.06369084268342658,0.16486427339533619,-0.10997857732870361,0.17449018407003863,0.03370298226290861,0.0029139099968963286,0.0524600068428351,-0.04678421560576773,0.15396027435483067,-0.03627602358614675,0.07732258457561599,-0.005562064558930531,0.03990842033143152,-0.03372846771347525,0.05194104366729102,-0.02285561290210462,0.06562177267772953,0.0595573874385435,-0.008826871603225818,-0.0072871903785691645
wkBB[3][1],0.0012921708095240526,0.0009788689389602441,0.12086747646983523,-0.01788640540990501,-0.01684459346286472,0.13026336362028573,-0.049832310717401074,0.20918076864593926,-0.008600421536363463,0.003717562683437927,0.10947531918210182,0.07855592515503784,-0.11069751241247347,-0.05121894080155074,-0.1285314881968609,-0.2159665808106244,-0.07976603728281377,-0.03336777416847753,0.15388326538817468,0.13008317932143565,-0.015057037207345922,0.16350472054744794,0.0013794531308634257,0.0009412819877525555,0.11580616107484808,-0.0057383572474963285,-0.00116008867071069,-0.13515202720762468,0.09955487565253993,0.15700096713691003,-0.06398658584482245,-0.14545733025340205,0.06748269770766262,0.05593853697751293,0.2585446843174742,-0.002306720353955816,-0.055737724869315726,-0.01330860422061004,0.054407503435966106,0.008048228075406892,0.18584948781180327,-0.2149014547807156,-0.058238194060864154,-0.07291332934872974
wkATR[3][1],0.07483953812316718,0.03696371825525242,0.13999302025928181,0.03804961369350315,-0.07716638828433298,0.035887106051300986,0.027754729515781774,0.06798523456738098,0.031273394195216415,-0.04095581670229766,0.10752126386073242,-0.04596104310636675,0.09910467152688943,0.003607754023541565,-0.08379594386776058,-0.038986636642264,0.04534075803611121,-0.0130564715808555,-0.043225276520583056,0.028800939574468075,-0.056155629162541104,0.03489661581499389,0.07769766288951849,0.03600227434474115,0.136750070894443,0.051046032129529274,-0.07059565122167838,-0.03162741491923958,0.060969799716804454,0.02618509016716401,0.00439383685524627,-0.07497348398266426,0.01612577386269076,-0.116857300513211,-0.02825225475718277,-0.02159096019146498,-0.08544982118004998,-0.045094981891687855,-0.06884691521500358,-0.03419623638113262,0.019819352422781215,-0.017351748905316145,-0.06349213285866223,0.025551815325892274
wkSMA[3][2],-0.003409616490694306,0.003742113590936996,-0.07503376530956006,0.15297240650602095,0.011773341588698912,-0.17869852280145723,-0.001458638309625541,0.09882440360708401,0.012545999015657987,-0.09816025436018293,0.025879012933794306,-0.03309817263013603,0.009551216414002509,-0.10274832403018525,0.14455450749742155,-0.13901689083230742,0.14191300402834586,-0.0389987879119381,0.08711417400780555,0.13262661350614963,0.19164648492733527,-0.028334608897910483,-0.0037008228377088566,0.004344994624967378,-0.1001506848473253,0.1323581352585547,0.025339987043182844,0.15165580868157977,-0.038209114579481736,0.04078043326627754,-0.0873225290915187,-0.014258966548838287,0.10418858005490989,0.01099784113094728,0.07029405306738828,0.10441375780511387,-0.08978240866604215,0.12998915523045335,0.07136537170232324,-0.04151295755566232,0.010545753469572578,-0.16705866008553058,0.11247375820089749,0.024376492627372036
wkRSI[3][2],52.81284306121798,3.892279761506306,0.007035377664921244,-0.2232919057698782,-0.03289787384359341,0.045707477376591914,0.07920390717813112,-0.09680193898675572,0.01429762685289132,-0.0341274383263569,0.02143282439413823,0.05903988397925879,0.07180111135344763,-0.05660324187975372,0.0032009054953937377,-0.009561265425649335,0.09777194349452432,0.004520647587274549,-4.725156587159138e-05,0.1386663009340301,0.10337960072829148,0.06625849194749632,47.312852629532074,4.123993249944208,-0.05911834418507632,0.21115802817778684,0.058378705355630965,0.04611441184111731,0.013282300213414316,0.12544981861560844,-0.049496435884457776,-0.060266474246273696,-0.026242533735592086,0.05028973100781535,-0.03328725850037497,-0.09638893760326223,-0.009271128780578338,0.028547249508569635,-0.0292345274885323,0.06118592402618123,0.026899779764199886,0.12136611250640107,-0.11036128373666095,0.02451138908906742
wkBB[3][2],0.003164463301871684,0.002129902934775174,0.10436577775050646,0.010827057413315355,-0.09768939094060092,0.035513952189757385,-0.03039749991926432,0.05534816607191349,0.23496381160792687,0.18321368993488532,0.033893319862987804,0.09588553047648002,0.04598218682000817,-0.05709683949166516,0.3261150634521865,0.12743842329819716,0.13551197520234548,0.22148919744592419,0.01833578815996419,0.06589923214126583,-0.13442231695480908,0.06705734831680468,0.0032898820963852627,0.002122418034527548,0.10043216347269485,0.048650703719852084,-0.08476371057601734,-0.026415645981058403,0.01590984552771327,0.13678494811425007,0.26480855809213844,-0.007516383797160091,0.07617866623356846,0.1140925218321847,-0.21466809868137895,0.12972789880889715,0.07935227915033359,0.11742457157577077,0.1444376353853894,-0.20514676369306348,-0.13594046942923138,-0.05938893141097795,-0.08341407051176561,-0.203799032709917
wkATR[3][2],0.16148927419354828,0.07592292920842067,0.133601481397086,0.05074355874945898,-0.10634283963057727,0.018696276976078657,-0.022217281663824782,-0.013909317051613834,0.06563317758802516,-0.04485062313330962,0.013976295417909358,-0.11463814318450359,0.12036986265088216,0.032547190022652585,-0.012426822648445917,-0.018314533815332355,0.09481987721140973,0.02817611084663461,-0.07618055808366792,-0.08757142827803778,-0.08456269838120156,0.10631559800047587,0.16210669263456087,0.07121996809241565,0.1304684304080358,0.0692946840986402,-0.09206943605882444,0.0165901431379473,-0.03354716998887149,0.014108209127281173,0.01396566644651077,-0.010228966867246649,0.025980851305796554,-0.1503385805729668,-0.06580282527501001,-0.011414524728237566,-0.12193027199038796,0.026610385299856397,0.007558436673447537,-0.07497848142626365,0.01647192962907911,0.08323199339834521,-0.0032946085404772962,-0.08584168994131408
wkSMA[3][3],-0.0034242470959078503,0.010003205128539064,-0.005379765302023904,0.2035724367914838,0.06289288227940638,0.03508454168568612,-0.11488582668314612,0.07158903063223485,-0.05625360334189144,0.10028224429868528,-0.15105011683024774,-0.08276295505642729,0.11879653198168685,-0.06363020053778443,-0.025133519012683028,0.059907881172381265,-0.014551840759486656,-0.021026623048220394,-0.12022105124257011,0.13366632924944857,0.030396680654905306,0.07849716053836348,-0.0032912140833044135,0.01032342528681682,-0.0738817492806971,0.17000947643229158,0.10501634605401651,-0.043707228075454414,0.03296444052007435,0.10268543579128382,-0.05567389268954701,-0.016418234934111722,-0.15983495482992258,0.05615690289064408,-0.07983523586326392,0.11085394921885218,-0.027052227296159487,-0.057386946589250996,-0.15197353301851382,-0.009452808371081638,-0.1366100410512283,-0.07070634671327947,0.015318071643125042,-0.03363891992850252
wkRSI[3][3],51.392358590496436,5.813998022534892,-0.010659512138678736,-0.1869557725763795,-0.07968213018042865,-0.1568998214819686,0.02154948468627258,0.08122842058533128,-0.011880205442356443,-0.025713699290609255,-0.02715125954197664,-0.03578136360727606,0.07306527741129325,-0.2501838805508287,0.032966278145378766,-0.06990519227391344,-0.013360598571331267,-0.06921202207546466,-0.06786443728051418,-0.033161545494834174,0.055615743479113675,0.05853553631533082,48.94498984757095,5.477631959794863,-0.050637320229909,0.180650132274446,0.10503049663931334,-0.15147363225573762,0.017963537746541827,-0.03190229414880838,0.038092117305972006,0.017445528068794947,-0.0603754340122816,-0.024827548342519108,-0.03772056802869452,-0.2139577405076401,0.09876543530387887,-0.059846796641157475,0.062392487045346785,-0.08356687298940836,0.09010561393838676,0.021318210701327726,0.019260981713245653,-0.0031491513570754324
wkBB[3][3],0.007233201597676659,0.004216559190152931,0.10348240992622867,0.0006027382295308739,-0.11341313337217934,-0.04930171971659901,-0.08466561236035904,-0.08077212157206705,0.1760932400838578,-0.07360582374160062,-0.2742712752251306,0.08391491952108142,-0.0783716016493893,0.0022662230750118426,-0.107755060988107,-0.0724031096518795,0.0009755015662976867,-0.18499545647754942,0.0508039849313117,-0.07488129670914412,0.1954737928038158,-0.20511039627469582,0.0072885200559418325,0.004081135720225663,0.0877460230663144,0.09370106271907015,-0.05992077313368019,-0.02557388262536186,-0.1408974372691131,0.11163855911146521,0.07461676248762128,0.29317541998813923,-0.04150500560751723,0.08166079572424466,0.17855875957329445,-0.056882532246039105,-0.03970247567598605,-0.07740758881147008,-0.22431586159047695,0.03190296833377377,0.1017534875280741,-0.031066157279779426,0.25828195108684227,0.18596029362732497
wkATR[3][3],0.3337241862170091,0.14471352016772332,0.12539999205770966,0.034164464016808074,-0.12144953500133002,-0.012897413024205634,-0.06506403921932133,-0.1283962388374989,-0.04803088370625874,-0.10187355870333928,0.047589796570844944,-0.11869927727281816,0.02774455278256139,-0.031654101143606776,-0.0601599570323643,0.012765368962298127,0.0446119927335144,0.05570853112889591,0.03134169336727825,-0.09788586674877053,0.12349671458009695,0.06256743899696676,0.3367610552407937,0.14327328816333865,0.11684038281371185,0.08914848129679119,-0.09346114475491477,0.013722187730401231,-0.14743313764180413,-0.0105744098544209,-0.08978904796857541,-0.04254242993439875,-0.0739057448597028,-0.12449000691794727,-0.030988363679031485,-0.06095607071823693,-0.015312093060240076,0.055723976674334194,-0.024536098531960558,0.08500437821515476,-0.01633849077926072,0.02082966010086272,0.11767773885318467,-0.1570065696429996
wkSMA[3][4],-0.003190191723341832,0.027637454303673988,0.019189242255258636,0.15187182021794254,0.06837510499510509,0.17134126428382312,-0.011176453854454508,-0.20911342267904545,-0.0673370953882015,-0.04089988443090911,0.006526468434215788,0.20073160869399415,0.07836993869204918,-0.30388080605678114,-0.035317358309689226,-0.016095012061460724,0.059743449188091914,-0.01793301814855793,0.1140524515084993,-0.023529641562457307,0.033548063194220726,-0.02808111894813248,-0.0023626846677675287,0.02827690740361321,-0.04866826589950986,0.12030538089988876,0.10697039636260444,-0.1989427031592181,0.1035034639149321,-0.10875682902373865,0.09591334364046643,0.07791725679020543,0.061072885821660025,-0.1773499545905965,0.025046805094760503,0.2767654551577674,-0.09710904229795714,-0.06539199211273858,0.07854896962184063,0.036636902245427226,0.060019513729201904,0.033907336121021606,0.06257537662032672,-0.06857769398788412
wkRSI[3][4],49.80645260872104,8.858220950856683,-0.007885244993973256,-0.0927449557867771,-0.08278047958850923,-0.2091047458680017,-0.14370834370717375,0.15773828212537586,-0.16622843146336122,0.15370385759941427,-0.0939172198734198,0.11117837920920796,0.18060563553997802,0.0288458585386989,-0.17534259448393766,0.09280876440494049,-0.04820294948231161,0.185369954599079,0.19615274576533506,-0.022402947784122298,-0.033079294619144856,-0.09255272443837403,49.09721858228611,8.210779997961785,-0.022359206805925583,0.09652146640278186,0.06153359730761555,-0.20006858914181536,-0.053035864859835816,-0.25378877396568095,0.06414941455455546,-0.0335119305983311,0.25704643177718317,0.09241599288880063,0.023433993551472396,-0.12687894634248792,-0.10377320737469999,0.17818664717037128,-0.052576471782011254,0.15142581787523737,-0.22450863422283904,-0.09156418852809514,-0.026419496474926425,0.050406693149629166
wkBB[3][4],0.01692850297263668,0.010410765499694642,0.09017278803319252,-0.0068014740562630845,-0.10898164394443174,-0.1152724375039981,-0.14372286518440897,-0.06753001987316719,-0.0950753094276071,0.04448039390606345,0.0010645140202080944,-0.0383275513224547,-0.29688055496530624,0.04528755355619873,0.014391761851569124,0.13412197849206578,-0.01393113342859636,0.1225638296027522,0.043612092695974554,0.3053326953998928,-0.13821448300534384,0.10358917503211526,0.01743358358554816,0.010679953262355369,0.08183828919252693,0.09492541463374556,-0.05024887335601894,-0.08211525928178401,-0.1760289426540586,-0.11998928224456311,-0.049916448055687464,-0.0011438106599368052,-0.00721850646940101,-0.004008062186836098,0.14854735331585378,0.24871388417438747,0.15727375040946953,0.043690883346196425,0.13719409678042185,0.0763131131731327,-0.08531572330490919,0.047470640539308516,-0.41091227366325794,0.2376468587882076
wkATR[3][4],0.7940147067448664,0.3409809602839978,0.09762223421237529,0.024265934023014274,-0.1115179305859,-0.06213956296292766,-0.13589273689932904,-0.17774002980201178,-0.22215194005230735,0.010952849099505111,0.13332556511196672,0.05246378903038429,0.006962808372868145,-0.038739506870413935,0.1397721985500779,-0.09700390516811622,-0.24277957758145244,0.07736811285207065,-0.041390494790976805,0.07302206795370661,-0.005891701030727066,-0.13894474238991925,0.8079805736543899,0.34281016503307987,0.09355300529335717,0.08147319252135883,-0.08198479956036483,-0.02393389453540581,-0.21473551154114298,-0.12357118103084556,-0.1358881885788887,-0.1553525416636874,-0.05984063497927756,0.12497794470912552,-0.10178614153798564,0.01997770785062511,0.03614453044663465,-0.17478764873728445,0.1527421105921568,0.046432784877774885,-0.03395525210045161,-0.14009510575694883,0.039268764537870156,0.1044589500708658
wkSMA[4][0],-0.002847993244636533,0.0020476586450850157,-0.13855317350731236,0.016041401115848022,-0.092323966276538,-0.014239131239846879,0.00929622748101862,-0.11721107194002023,0.04198514068363897,0.05965156161740186,0.0046754689546096755,-0.06695937941256838,0.09318835073100613,0.029939287459230312,0.028235898139954235,0.11659657498614392,-0.05836414455837212,-0.1077442908276024,0.053624527542746415,0.029659855118601367,0.003938534941106774,-0.019953048106512307,-0.003139133256598689,0.0019619579855932514,-0.13458860016933435,0.004077363633769111,-0.09786239640850114,0.026591556501667907,-0.04421961530498633,-0.08880277528793519,0.10000423681954414,0.004295782671443184,-0.07175240138557881,-0.03523086559177991,-0.10676255459171413,0.008186166590207157,0.029666251509214592,0.006652192581332423,-0.10676915038232025,0.04301417221333361,0.0062699517994856966,-0.05116247748214369,-0.047543479619742215,0.07721442338808195
wkRSI[4][0],53.3815991912266,1.4811881569456469,0.056099823036994845,-0.1558392663170851,0.13622392878258127,0.14181126155718476,-0.11857169876578716,-0.006236596928199195,-0.07706662554766221,0.0633518727696459,-0.09667152310621754,-0.0959082214531672,0.02661234286901885,0.011495464669629968,0.03572109936370896,0.01873699668331269,-0.0012208506738262148,-0.046650359267262964,-0.008396944788533787,0.0804761784838466,0.007164091775770256,-0.05710447965221444,46.28819081365793,1.5913601915903341,-0.06574655393960635,0.14699267269578223,-0.14608789013012233,0.15959079816715338,0.03818174056957858,-0.022167695915739083,0.06057757540785948,-0.020806013762510928,0.14040384207579698,-0.042800094989126326,0.05620307164547531,-0.0051611606033991,0.05262687702509912,-0.054745798945449786,0.04236363178101981,-0.029403527282540413,0.07713060174450201,0.06877155448654808,-0.004097547331427296,0.01733126430118392
wkBB[4][0],0.001169230690285998,0.0008936244402057132,0.12098320556153354,-0.012031229466252675,-0.010851907684742597,0.11780575007188979,-0.03281314454064782,0.2128849709446193,-0.030441284382371255,-0.05211969957209579,0.09526424584038241,0.11264050133082944,-0.10145294657349824,-0.04579831111055862,-0.1384149405857669,-0.22217896530835302,-0.05728838106128582,0.00013200101109839081,0.14116067133265114,0.1640808523296868,-0.04547921289403363,0.13162274524562473,0.0012484341810943642,0.0008582813432465833,0.11530639711915946,-0.003029510067180897,0.009205440244894217,-0.12186821022602777,0.10924295288989337,0.15197585999704774,-0.11255883529213959,-0.11589788801567817,0.1109995977606717,0.03409980481587928,0.25573683816528925,-0.014048581103002722,-0.05008974827036281,-0.03895508086441366,0.0818006261831938,-0.041850887069327734,0.12341999279874626,-0.22320759949660504,-0.05790369249597744,-0.10406287546277727
wkATR[4][0],0.04142058651026389,0.020370304999084175,0.1401335283662776,0.036914104798863714,-0.07531112186474957,0.03647068779005889,0.0449119346581224,0.06328154943096763,0.008651680303626907,-0.055352304103043516,0.10021826129144552,-0.03147778280192987,0.09160941940140502,0.011260248609321392,-0.09710440194306881,-0.04051029636504016,0.04067684208185541,-0.011932796936672586,-0.041370142109696445,0.05012854541662261,-0.06940809221967038,-0.0065749962790555535,0.04329851274787537,0.020498416422232282,0.13637784616242435,0.050530759510150056,-0.06813257885501077,-0.02817369564847212,0.07245585921412141,0.02328242296497535,-0.01774838136158571,-0.07420337648607488,0.019692832365990547,-0.10671962835505235,-0.013961675900055873,-0.02346401542679253,-0.09882237227339252,-0.05731553079589651,-0.06934527722911867,-0.0483781339965307,0.019060551354407974,-0.045462945666439776,-0.09664287440956536,0.05426957775708696
wkSMA[4][1],-0.003402581174766444,0.002765208252892731,-0.11155813989908703,0.09878284410623214,-0.011438401035245188,-0.17383108427350358,0.05145893430748203,-0.004032422175927668,0.028569542681797955,-0.1472414802669824,0.028136626578709044,0.07962753443204044,0.03329666364875318,-0.0024757155252564697,0.0798115596075187,-0.0642370545774562,0.1318184671302596,0.06800402920092874,0.1500688979454508,0.1612271577953465,0.1400339995154457,0.008591813677099392,-0.0037538172453461575,0.003205509867317843,-0.11754403021254169,0.08172536435864912,-0.006767372306467318,0.16680969897729114,-0.04375455480134866,-0.04108031829899618,-0.043396287420886345,0.026997447606243646,0.14245900852248874,-0.041862425324028466,0.04154839931261881,0.08795633268652867,-0.02210004215827003,0.027454568921865232,0.09232732074082053,-0.14094967027934466,0.049301126256013926,-0.16731244530096812,0.16969408760577254,0.047130783579013916
wkRSI[4][1],52.18903067933105,2.1504204520195556,0.019021833639976147,-0.21709566511638156,-1.8730457861645362e-05,0.11186906131571356,0.04134129718558799,-0.10929990488924482,-0.01350772112103463,0.01816673059835054,-0.021343903577722423,0.04618093884689729,0.0885199412152904,-0.016558668303675157,-0.019233343753695002,0.04941951840643696,0.0692390367425789,0.022080408180732147,-0.009465287419528675,0.16046400970271849,0.08576937643895836,0.0454748168552323,47.77551343338935,2.3057294663724104,-0.060943641306610556,0.2067422713052889,0.013510772312911454,0.11130935950548679,0.005874834522082693,0.11670967085243715,-0.04631067979209325,-0.06248579942437789,0.05254499718217318,0.03696506887921475,0.012275636240971678,-0.05610473471645667,-0.025511892550593565,0.06105753693980778,0.01754208457245277,0.06231953918857307,0.039882515518658984,0.11237778880373953,-0.10213117890089879,0.02390896498397906
wkBB[4][1],0.0022818439411852326,0.0014842256457508164,0.10894592293546208,-0.00119229876341035,-0.08461357887706882,0.08056429906053804,-0.0292972361878237,0.10518490173163986,0.1402075548343583,0.23186341188227713,0.16125501183947333,0.0322988434951158,-0.006312993385454242,-0.06681171045112154,0.20488827917387015,0.18895131006561733,0.019630178374699686,-0.03813343121609796,0.1299578253373255,-0.02718599854286756,0.2150970422059864,-0.14681395493415433,0.0023781595897657947,0.0015960558347594904,0.103026443362612,0.024879897338002773,-0.07758184275098873,-0.08144621964579511,0.05664070719415716,0.1282800593730374,0.24572142061469945,-0.17564381504668886,0.03027000224417057,0.09161432048214244,-0.14241587983418205,0.1267368739336433,0.18679458433276974,0.15367839445437215,-0.009951020394128972,0.014690620342135932,0.018238429078537965,-0.02472631288138439,0.19041430560047556,0.09732557799111519
wkATR[4][1],0.07834047800586527,0.03728365685086793,0.13496289748101398,0.051036973441708024,-0.10189660227361817,0.020638717960839402,-0.006991797346831797,0.013347000475323528,0.06425199923531105,-0.033886509909520204,0.0567772954668719,-0.10819960179573238,0.12955839353811835,0.008320150605600155,0.005973404066351394,-0.013417039614603362,0.10603982281999659,0.014541898358229565,-0.061011563548831665,-0.059467584544144796,-0.04707024626973501,0.07341725422047748,0.07888305382436257,0.03491096935204018,0.13281541187815074,0.0615712792963555,-0.09217771909814199,0.0003120869629574333,-0.005352909488821804,0.017398666760163835,0.028691236528880358,-0.036277205038031175,0.019039407875563436,-0.14449447947160837,-0.08969073713229736,-0.01622550809798679,-0.08155661681612526,0.009930531149768204,-0.012965435383464556,-0.09934385556310545,0.011703898370918377,0.08465227794426522,-0.007842729204039554,-0.02874510575528655
wkSMA[4][2],-0.003395688190714214,0.007516557167690767,-0.02084943479916722,0.20091971327441144,0.051884978728013655,-0.034623993089008355,-0.10518141471681931,0.12916830289809558,-0.04072177463209778,0.08738817270801352,-0.12543532609325725,-0.1475420615480876,0.0665873082731184,-0.1101495873349427,0.06488394815026664,-0.002448357879351894,-0.020380279654292156,-0.1302251952984505,-0.19223761575140988,0.12101743564263927,-0.006142038643895411,0.04123039154828023,-0.0034729746688927313,0.008002209523777216,-0.08051637149740015,0.16874315995952446,0.086582045109063,0.031019272248742017,0.003698914668103951,0.13281139148129387,-0.09816562240780295,-0.0389373478360007,-0.09781147857357382,0.08440627697819542,-0.04719981522958234,0.10838759210976413,-0.08265197720191302,0.0680517037598234,-0.1359437300265484,0.10080518314015093,-0.18769842118973407,-0.07838232075966367,-0.00690302164380847,-0.03090900050305278
wkRSI[4][2],51.123253475908975,3.443423799044869,-0.006272780815562257,-0.1970380491370963,-0.06874786105641587,-0.09897583754134433,0.05537732325213418,0.014868256939932071,0.007810400774599287,-0.05291200479983079,0.0020545548018861774,0.0011780586664664062,0.08132914349026803,-0.22622411638691842,0.04540439431911921,-0.0974591253327209,0.05308651282450516,-0.08225234875944396,-0.07345913008851293,0.028298857078086073,0.0903928663784586,0.07033500120383962,49.02155836016861,3.641530454708293,-0.04950468589690782,0.1814730615807879,0.09013544986283718,-0.10605950528241631,-0.013023027180669347,0.01353243723297666,0.010214187353784213,-0.010392716452285016,-0.0737397398452369,0.031180011342539827,-0.05668364538851799,-0.3083317245608275,0.10538776906163966,-0.024092689540187593,0.042430494374249304,-0.023869539270583603,0.10496120112705971,0.06527706277078697,0.007702370186587596,0.004586080106060337
wkBB[4][2],0.0056968338364124784,0.003525587459615086,0.10260582541026093,0.012814776119073066,-0.10375443323219605,-0.012229456612802177,-0.0661389815484001,-0.06258285448315273,0.2560102728148813,-0.016249199576629753,-0.31533790656837146,0.15024506109187918,0.04832163662756376,0.052321817157861744,-0.0021588360574848597,-0.1664837594200533,-0.1467755947843214,-0.0470518456594321,0.017209684946594805,0.024947922991926816,-0.058806826392579635,-0.01604893816996981,0.005654809158407134,0.003254761925606301,0.08698733315413185,0.08546698416342904,-0.07219613515887698,-0.009967379655227338,-0.11327054886440542,0.14335501571414086,0.14994563091301713,0.334869821993274,0.030551491849165897,0.1578183015336669,0.013375295232621315,-0.07232037719091938,-0.19063180187872836,-0.09631789820017567,0.036524613196756255,0.09660388374300148,-0.016340181061015903,-0.09232710412684232,-0.054706045111436515,0.07934686906219397
wkATR[4][2],0.16419741055718487,0.07173426646604039,0.1280514113371402,0.04129941353162122,-0.11775223720981379,0.008666756678570038,-0.0459841327930237,-0.10159808011407918,0.0014214260102678041,-0.10884358769438059,0.015040681038595356,-0.13036512171663928,0.06949575315981205,0.027243109036666234,-0.07325316095250639,-0.005805193014892459,0.06315129226699054,0.03369783512469905,-0.003954185685015365,-0.1262176308024687,0.06860315274734867,0.06424550473727114,0.16489924929178443,0.06958042518246363,0.12060308139533805,0.08539635006943966,-0.09527046085655964,0.019361294381575005,-0.12527929264135038,0.008241923257892365,-0.06659537954447867,0.0010574669166454596,-0.04278141893884033,-0.13796511160301328,-0.017506834254555594,-0.07678130750543673,-0.08310365322215961,0.05243706837913774,-0.02352572228434912,0.08711580247117723,0.010213699706143593,0.06027358721140671,0.10257865976062809,-0.1649754222961629
wkSMA[4][3],-0.003237376535666624,0.0171242857436851,0.018544991046396186,0.18480376351448594,0.06790505073389184,0.14700745126883163,-0.07381377334023455,-0.11319616568477131,-0.05783466678786374,0.024633029725039075,-0.07662513513334399,0.11094264762389916,0.13868414928071887,-0.09146617214979463,-0.15209642429974196,0.07098580749917274,0.07552370692449441,0.1346304195303661,0.12433364393530472,0.06685811804773516,0.18350434725280357,0.08048131253163283,-0.002889251132158691,0.017592365809434726,-0.06589909562341681,0.148753005026925,0.11827482617474587,-0.15591896341863692,0.0815424912541806,-0.02234082414430968,0.04471593023671522,0.05471295127723196,-0.10694579575158988,-0.07011849730528799,-0.024084176806011416,0.18423121791175656,0.009844602489859702,-0.16632303691333208,0.012229926160865228,-0.17896376206612533,0.05340829974754169,-0.04692033239311928,0.07930218811585062,-0.057741293987545794
wkRSI[4][3],50.23059802519331,5.953254766444596,-0.008369111526642204,-0.11666001430165346,-0.0829485289964993,-0.20983257389452156,-0.11193059602148352,0.14362558885266405,-0.12564119296673734,0.10223805787825749,-0.10402922258558484,0.02496893549489764,0.14793488301102328,-0.2596818603515046,-0.12159196473858047,0.0978958178316385,-0.18146265246533663,0.17516548635227633,0.11541324428870364,-0.08994967813831344,-0.07810857085605857,-0.09747227559388516,49.46685191518997,5.164105280029211,-0.029475303985372958,0.11916546731309907,0.07659602109132468,-0.2058634684178993,-0.03914298325447836,-0.2051094966196913,0.06093495392338416,0.02654334493585107,0.14503414730488184,-0.006751360201019392,0.05147620673141695,-0.2709466068752468,0.11330385827528112,0.16521490239687653,0.15601509923051923,0.012058880481752425,-0.14489922579572787,-0.21840668070345756,0.05307131578565347,0.07679761822772464
wkBB[4][3],0.011484698574761592,0.006670069851071743,0.0980061984267744,-0.012995621265468525,-0.11461774284214629,-0.09116222873265305,-0.12751494610748257,-0.04332878241294935,-0.006954994696394099,-0.0554829257930592,-0.08407338877192376,-0.08999229960400214,-0.329307716517514,-0.11425953578045693,-0.10680523976558445,0.25672207813938763,0.2485141483720528,-0.12570211361219583,0.08809587541352702,0.06844835776171933,-0.11711573640472822,0.08097245683532386,0.011516246362533865,0.006274752337846756,0.08645208410301551,0.11432336630755945,-0.04840584444723122,-0.057522663541654265,-0.15525703031613058,-0.023140083639685633,-0.010092761897601433,0.10903460278144468,-0.09069263344767362,-0.09748777690715027,0.2766178701053635,0.11167430833961674,0.23830737045369585,0.22689991813059499,-0.17218677659536602,-0.1990525210218188,-0.07562712396736297,0.049737252138084075,-0.13700287193697663,-0.07547873315417379
wkATR[4][3],0.3342801935483869,0.1343100810946728,0.1124090709432478,0.029680991738720575,-0.12158182808992277,-0.04738685436848681,-0.10845768104037198,-0.1595839559461017,-0.1508299136536512,-0.06668635802388839,0.10313002465185477,-0.07636287961578826,0.008157962679482173,-0.1033874762980759,0.026679419107157522,-0.0025239734477577767,-0.1311086720851315,0.12420388829010057,0.02687733410806091,0.01977172762333969,0.020761894416879985,0.004643160829512774,0.33927646742209566,0.13696050292035997,0.10474591213333159,0.089862358754968,-0.09275315150429976,-0.008106412749291197,-0.18639525602866003,-0.0810367247764913,-0.13619223963454694,-0.10710233240552341,-0.09901065013285877,-0.053528422739737,-0.05243639528053783,-0.040652735861384806,0.07811886116791286,0.0051506983030917275,0.10226923740825562,0.06122887508551181,-0.08146156110269347,-0.11542261317299977,0.03723179243511908,-0.015465958949823473
wkSMA[4][4],-0.00306053725806439,0.045435729047472395,0.017364775802320095,0.10498789661036714,0.06243318483261435,0.16041534822758785,0.04067023475248941,-0.18896312403599486,-0.030465988334932085,-0.07540566335575047,0.05081387245330912,0.16358777851628561,-0.06901777049790873,-0.5229949687832612,0.13893061360065767,-0.0064884295084709906,-0.04657224229186238,-0.15352824857334202,0.0228823049916617,-0.08776045439989269,-0.34971551550303764,-0.11181500584489851,-0.0023039461993555315,0.04689448600305298,-0.03158067034096847,0.08773768870903732,0.08011465924634315,-0.18930240028947348,0.07520683058392359,-0.15859113712966247,0.09200700475066617,0.035768929290676495,0.18873279261071246,-0.19443201699437035,-4.0515329053753884e-05,0.2751496174699576,-0.28596301070254737,0.07691892338467766,-0.006349167753229881,0.33323537067208914,0.03947691438698307,0.16754906230344735,0.107305503183586,-0.10310905794060808
wkRSI[4][4],47.952061232391536,11.534039612463468,-0.002616701301271049,-0.025239008596592075,-0.04514518210994421,-0.13914917368044852,-0.1866498434306331,0.045311055846801326,-0.22080684387322158,0.19822104863262843,-0.008683054335824518,0.39431169607738714,0.20147466879276113,0.18246562914588924,-0.09281376483966582,-0.018985278906564727,0.43449853638208386,-0.25886506303468937,0.05505051502952882,-0.18573526520557695,-0.10626316557133914,0.12855866661357937,48.097764256703904,10.398091845590251,-0.004009907791594668,0.03398940078265433,0.017134774858251222,-0.11548173537423148,-0.10594648773669581,-0.24470659648601892,-0.005888304673079401,-0.11414561683274244,0.30943691049013355,0.3812204461561107,-0.006323722182908101,-0.06494859192186345,-0.20278329003235243,0.12142362110050382,-0.4475879467428794,-0.2307663191793079,0.042358941219248936,0.16736319989782078,-0.016195300555703222,-0.16083138590215915
wkBB[4][4],0.027336000651380532,0.017913244225053002,0.06831545993642449,-0.00030322212407751987,-0.08341721052520185,-0.11494995764265963,-0.16933123714953466,-0.11810260924558863,-0.14732990801520396,0.11122662010051347,0.06521909510208743,0.17692048708102093,-0.14459484149433072,0.31553346145219957,0.1905828101839196,-0.11070827315477832,-0.08127166664175663,-0.054847483236608964,-0.20453513319752,0.24512476387456866,0.16871538762048205,0.07097331866789278,0.02822435413798811,0.017952210333545934,0.059743943176298664,0.07670373194069334,-0.03918575799388452,-0.08518793708661812,-0.17195960251225378,-0.15859429355088764,-0.05163972910221266,-0.10064913402497722,0.07431721033037474,0.2456488276829684,0.021463645442708717,0.35188649293312513,-0.021890542439992746,-0.29247589746026176,0.11769251697036856,0.1171301547593811,0.19027180782356154,0.23457024507738825,-0.14220506793088228,0.15036072223584473
wkATR[4][4],0.7777836363636352,0.3412576977400873,0.07632739340529253,0.025879829987882443,-0.08534165713492453,-0.05685442903771157,-0.15950179694550043,-0.15796861232162357,-0.2532273443308247,0.07587702058089808,0.15348740785748938,0.2392531235905109,0.07386234824951933,0.008089287191155174,0.19114349768160868,-0.16335065805058233,0.030836665154668673,-0.250502987991103,-0.15705552561575586,-0.12457243952613761,-0.10307314302486785,-0.0595561899891861,0.7972626203965987,0.33660019784622286,0.0788236750723813,0.054753321884665467,-0.06387441462450355,-0.022708785573045762,-0.2002845775944633,-0.14451762299393903,-0.1254128094082978,-0.19049056811269388,0.010244947373178425,0.310322083526155,-0.1341368584148537,-0.005234076991549664,0.0011190526372827927,-0.21742288249850175,-0.06458586487165327,-0.23379279734108033,0.10886192556859824,-0.06891833525623355,0.1452439930416953,-0.1214244134608563
